Disco Elysium: The Final Cut,March 30,2021,97,8.2
Half-Life 2,November 16,2004,96,9.2
Grand Theft Auto V,April 13,2015,96,7.8
Out of the Park Baseball 2007,March 23,2006,96,2.6
The Orange Box,October 10,2007,96,9.3
Half-Life,November 19,1998,96,9.1
BioShock,August 21,2007,96,8.6
Baldur's Gate II: Shadows of Amn,September 24,2000,95,9.1
Divinity: Original Sin II - Definitive Edition,August 31,2018,95,9.0
Portal 2,April 18,2011,95,9.1
The Elder Scrolls V: Skyrim,November 10,2011,94,8.4
Command & Conquer,September 26,1995,94,8.9
Mass Effect 2,January 26,2010,94,8.9
Grand Theft Auto: Vice City,May 12,2003,94,8.8
Sid Meier's Civilization II,February 29,1996,94,8.8
Tetris Effect: Connected,November 10,2020,94,7.5
Quake,June 22,1996,94,8.8
BioShock Infinite,March 25,2013,94,8.6
The Elder Scrolls IV: Oblivion,March 20,2006,94,8.2
Grim Fandango,October 14,1998,94,9.1
Divinity: Original Sin Enhanced Edition,October 27,2015,94,8.3
Diablo,December 31,1996,94,8.6
Sid Meier's Civilization IV,October 25,2005,94,8.2
The Witcher 3: Wild Hunt,May 18,2015,93,9.4
Company of Heroes,September 13,2006,93,8.7
Half-Life: Alyx,March 23,2020,93,9.2
Divinity: Original Sin II,September 14,2017,93,8.8
Unreal Tournament 2004,March 16,2004,93,8.8
Starcraft II: Wings of Liberty,July 27,2010,93,8.3
Minecraft,November 18,2011,93,8.0
Red Dead Redemption 2,November 5,2019,93,6.3
Homeworld,August 31,1999,93,8.8
Grand Theft Auto III,May 20,2002,93,8.2
Beat Saber,May 21,2019,93,8.4
Star Wars: Knights of the Old Republic,November 18,2003,93,9.0
Hades,September 17,2020,93,8.8
World of Warcraft,November 23,2004,93,7.4
Grand Theft Auto: San Andreas,June 7,2005,93,8.9
Call of Duty 4: Modern Warfare,November 5,2007,92,8.5
Warcraft III: Reign of Chaos,July 3,2002,92,9.2
Sid Meier's Gettysburg!,September 30,1997,92,7.4
The Sims,February 4,2000,92,8.0
The Sims Deluxe,September 15,2002,92,8.2
World Soccer Winning Eleven 7 International,April 9,2004,92,6.9
Team Fortress 2,October 10,2007,92,9.0
System Shock 2,August 11,1999,92,9.1
Tom Clancy's Splinter Cell: Chaos Theory,March 28,2005,92,8.7
Rome: Total War,September 22,2004,92,9.0
Okami HD,December 12,2017,92,8.0
Undertale,September 15,2015,92,8.4
Thief: The Dark Project,November 30,1998,92,9.0
Age of Empires II: The Age of Kings,September 30,1999,92,9.0
Sid Meier's Alpha Centauri,February 12,1999,92,8.8
Unreal Tournament (1999),November 30,1999,92,9.0
Galactic Civilizations II: Twilight of the Arnor,April 30,2008,92,8.2
Out of the Park Baseball 17,March 22,2016,92,3.3
The Witcher 3: Wild Hunt - Blood and Wine,May 30,2016,92,9.3
Tiger Woods PGA Tour 2003,November 5,2002,92,5.0
Myth: The Fallen Lords,October 31,1997,91,8.5
Medal of Honor: Allied Assault,January 20,2002,91,8.5
Dishonored,October 8,2012,91,8.5
Microsoft Flight Simulator,August 18,2020,91,7.2
World of Warcraft: Wrath of the Lich King,November 13,2008,91,7.9
Baldur's Gate,December 21,1998,91,8.9
F1 Challenge '99-'02,June 24,2003,91,7.6
Overwatch,May 23,2016,91,6.5
Halo: The Master Chief Collection - Halo 3: ODST,September 22,2020,91,7.8
Deus Ex: Human Revolution - Director's Cut,October 22,2013,91,8.6
Mission: It's Complicated,February 14,2020,91,6.4
IL-2 Sturmovik,November 18,2001,91,8.7
FreeSpace 2,September 30,1999,91,8.7
Mortal Kombat 11 Ultimate,November 17,2020,91,6.3
Metal Gear Solid V: The Phantom Pain,September 1,2015,91,7.8
Forza Horizon 5,November 9,2021,91,6.9
Tom Clancy's Splinter Cell,February 19,2003,91,8.5
Kentucky Route Zero - Act III,May 6,2014,91,6.6
Out of the Park Baseball 16,March 23,2015,91,7.9
Crysis,November 13,2007,91,8.1
World of Warcraft: The Burning Crusade,January 16,2007,91,6.2
Tony Hawk's Pro Skater 2,October 25,2000,91,8.4
The Longest Journey,November 16,2000,91,8.7
Star Wars Jedi Knight: Dark Forces II,October 9,1997,91,8.6
Tiger Woods PGA Tour 2005,September 20,2004,91,3.8
Batman: Arkham Asylum,September 15,2009,91,8.6
Galactic Civilizations II: Dark Avatar,February 14,2007,91,7.8
The Operative: No One Lives Forever,November 11,2000,91,8.7
Tumblestone,July 12,2016,91,3.5
Crusader Kings III,September 1,2020,91,8.4
Battlefield 2,June 21,2005,91,8.4
Street Fighter IV,July 1,2009,91,7.8
Fallout 3,October 28,2008,91,7.8
Batman: Arkham City,November 21,2011,91,8.7
Fez,May 1,2013,91,6.7
Planescape: Torment,December 14,1999,91,9.2
OPUS: Echo of Starsong,August 31,2021,91,8.6
Neverwinter Nights,June 16,2002,91,8.2
No One Lives Forever 2: A Spy in H.A.R.M.'s Way,September 30,2002,91,8.7
Dragon Age: Origins,November 3,2009,91,8.8
Mark of the Ninja,October 16,2012,91,8.0
Disco Elysium,October 15,2019,91,8.4
Dark Souls II,April 25,2014,91,7.2
Spelunky 2,September 29,2020,91,6.7
Call of Duty,October 29,2003,91,8.4
Madden NFL 2004,August 12,2003,91,7.1
The Sims 2,September 14,2004,90,8.7
Final Fantasy XIV: Shadowbringers,July 2,2019,90,9.1
World of Warcraft: Cataclysm,December 7,2010,90,5.8
World of Goo,October 12,2008,90,8.4
Return to Castle Wolfenstein: Enemy Territory,May 29,2003,90,8.9
Factorio,August 14,2020,90,9.1
Black & White,March 26,2001,90,7.7
N++,August 25,2016,90,7.3
Spelunky,August 8,2013,90,7.4
F.E.A.R. Combat,August 17,2006,90,7.6
Portal,October 10,2007,90,9.2
Tetris Effect,July 23,2019,90,6.6
NHL 2001,September 28,2000,90,6.5
Deus Ex,June 23,2000,90,9.2
Stephen's Sausage Roll,April 18,2016,90,5.5
Tadpole Treble,September 2,2016,90,6.6
Tony Hawk's Pro Skater 3,March 28,2002,90,8.3
Metro: 2033 Redux,August 25,2014,90,8.1
Half-Life 2: Episode Two,October 10,2007,90,9.2
Braid,April 10,2009,90,8.6
The Chronicles of Riddick: Escape From Butcher Bay - Developer's Cut,December 8,2004,90,8.6
Sid Meier's Civilization III,October 30,2001,90,8.4
Opus Magnum,December 7,2017,90,8.2
NBA 2K13,October 2,2012,90,7.2
Silent Hunter III,March 15,2005,90,7.8
Bayonetta,April 11,2017,90,8.1
Sid Meier's Civilization V,September 21,2010,90,8.0
Falcon 4.0: Allied Force,June 28,2005,90,7.7
Deus Ex: Human Revolution,August 23,2011,90,8.5
NBA 2K17,September 20,2016,90,5.7
Flight Simulator 2002,October 19,2001,90,7.3
Brothers: A Tale of Two Sons,September 3,2013,90,8.5
Dota 2,July 9,2013,90,6.5
Guild Wars 2,August 28,2012,90,8.0
Freedom Force,March 24,2002,90,7.8
Linelight,January 30,2017,90,8.1
Into the Breach,February 27,2018,90,7.8
Chicory: A Colorful Tale,June 10,2021,90,7.4
GTR 2,September 29,2006,90,8.6
Grand Theft Auto IV,December 2,2008,90,7.0
Total War: Shogun 2,March 15,2011,90,8.4
Empire: Total War,March 3,2009,90,7.0
Command & Conquer: Red Alert,October 31,1996,90,8.7
Kentucky Route Zero - Act IV,July 20,2016,90,6.2
The Witcher 3: Wild Hunt - Hearts of Stone,October 13,2015,89,9.1
Star Wars Jedi Knight II: Jedi Outcast,March 26,2002,89,8.7
Resident Evil 2,January 25,2019,89,9.0
Sacrifice (2000),November 5,2000,89,8.7
The Walking Dead: A Telltale Games Series,April 24,2012,89,8.8
Age of Mythology,November 1,2002,89,8.9
Dark Souls III,April 11,2016,89,8.5
Pillars of Eternity,March 26,2015,89,8.3
The Elder Scrolls III: Morrowind,May 1,2002,89,8.8
Rocksmith 2014 Edition,October 22,2013,89,8.0
Fallout,October 9,1997,89,8.8
Street Fighter V: Arcade Edition,January 16,2018,89,7.1
World Soccer Winning Eleven 9,April 28,2006,89,8.2
Worldwide Soccer Manager 2005,December 7,2004,89,8.3
Dead Cells,August 7,2018,89,8.1
There is no game : Wrong dimension,August 6,2020,89,8.8
Left 4 Dead,November 17,2008,89,9.0
Left 4 Dead 2,November 16,2009,89,8.4
F1 2017,August 24,2017,89,7.3
Devil May Cry 5,March 7,2019,89,8.6
NASCAR Racing 2002 Season,February 14,2002,89,5.5
Mass Effect,May 28,2008,89,8.6
Inertial Drift,September 11,2020,89,7.0
Shovel Knight: Plague of Shadows,September 17,2015,89,8.1
Homeworld: Cataclysm,September 7,2000,89,8.8
Combat Mission: Barbarossa to Berlin,October 29,2002,89,7.3
Guild Wars,April 26,2005,89,8.3
The Walking Dead: Episode 5 - No Time Left,November 21,2012,89,8.8
Borderlands 2,September 17,2012,89,8.2
Slay the Spire,January 23,2019,89,7.5
Max Payne,July 23,2001,89,9.1
Out of the Park Baseball 15,April 21,2014,89,7.2
World in Conflict,September 18,2007,89,8.1
Star Control 3,September 24,1996,89,5.2
Duke Nukem 3D,January 29,1996,89,8.7
Korsun Pocket,July 31,2003,89,6.8
NASCAR Racing 4,February 6,2001,89,7.4
Far Cry,March 23,2004,89,8.0
Nuclear Throne,December 5,2015,89,7.7
Lone Echo,July 20,2017,89,7.9
FIFA Soccer 12,September 27,2011,89,7.1
XCOM: Enemy Unknown,October 8,2012,89,8.2
Mass Effect 3,March 6,2012,89,6.0
Rise of Nations,May 20,2003,89,8.8
NASCAR Racing 2003 Season,February 14,2003,89,7.8
NHL Eastside Hockey Manager 2007,September 22,2006,89,8.6
Descent II,February 29,1996,89,8.7
The Curse of Monkey Island,October 31,1997,89,9.0
Descent 3,June 14,2000,89,7.7
Rez Infinite,August 9,2017,89,7.0
Battlefield 3,October 25,2011,89,7.6
SNK vs. Capcom: Match of the Millennium,September 29,2021,89,tbd
Battlefield 1942,September 10,2002,89,8.5
Pinball FX3,September 26,2017,89,6.9
Madden NFL 2003,August 12,2002,89,7.1
DiRT 2,December 8,2009,89,8.2
Return of the Obra Dinn,October 18,2018,89,8.4
Rayman Legends,September 3,2013,89,8.5
Psychonauts 2,August 25,2021,89,6.9
Stardew Valley,February 26,2016,89,8.8
Prince of Persia: The Sands of Time,December 2,2003,89,8.5
What Remains of Edith Finch,April 24,2017,89,8.4
Railroad Tycoon II,November 2,1998,89,8.5
Asgard's Wrath,October 10,2019,88,8.2
XCOM 2: War of the Chosen,August 29,2017,88,7.9
DUSK,December 10,2018,88,8.3
FirePower for Microsoft Combat Flight Simulator 3,June 11,2004,88,4.9
Medieval: Total War,August 19,2002,88,8.6
Microsoft Flight Simulator 2004: A Century of Flight,July 29,2003,88,7.8
Mafia,August 27,2002,88,9.2
Sekiro: Shadows Die Twice,March 22,2019,88,8.3
LIMBO,August 2,2011,88,8.1
Assassin's Creed: Brotherhood,March 22,2011,88,8.3
Crusader Kings II: The Old Gods,May 28,2013,88,8.7
Superbike 2001,October 9,2000,88,6.7
F.E.A.R.,October 17,2005,88,8.3
Tony Hawk's Pro Skater 1 + 2,September 4,2020,88,7.0
Kerbal Space Program,April 27,2015,88,8.2
Tribes 2,March 28,2001,88,8.3
Age of Empires II: The Conquerors Expansion,August 24,2000,88,9.1
Streets of Rage 4: Mr. X Nightmare,July 15,2021,88,7.5
Super Hexagon,November 27,2012,88,8.4
Ori and the Will of the Wisps,March 11,2020,88,8.7
Warcraft III: The Frozen Throne,July 1,2003,88,9.2
Starcraft,March 31,1998,88,9.1
Tiger Woods PGA Tour 2004,September 22,2003,88,7.3
Far Cry 3,December 4,2012,88,8.4
World Soccer Winning Eleven 8 International,February 16,2005,88,7.4
Torchlight II,September 20,2012,88,8.5
XCOM 2,February 5,2016,88,7.3
Myth II: Soulblighter,November 30,1998,88,8.8
The Lord of the Rings Online: Riders of Rohan,October 15,2012,88,7.0
Cuphead,September 29,2017,88,8.3
Halo: The Master Chief Collection - Halo 3,July 14,2020,88,7.8
Return to Castle Wolfenstein,November 19,2001,88,8.7
Ori and the Blind Forest: Definitive Edition,April 27,2016,88,8.7
Shogo: Mobile Armor Division,September 30,1998,88,8.4
Thirty Flights of Loving,August 20,2012,88,5.0
It Takes Two,March 26,2021,88,8.9
Hearthstone: Heroes of Warcraft,March 11,2014,88,5.8
Unity of Command II,November 12,2019,88,7.7
Medieval II: Total War,November 13,2006,88,9.0
Apex Legends,February 4,2019,88,6.0
F1 2002,June 11,2002,88,7.5
The Stanley Parable,October 17,2013,88,8.1
Guacamelee! Gold Edition,August 8,2013,88,7.5
BioShock 2,February 9,2010,88,8.1
Counter-Strike: Source,October 7,2004,88,8.9
Sid Meier's Civilization VI,October 20,2016,88,7.0
Battlefield 1,October 21,2016,88,7.2
Starcraft II: Legacy of the Void,November 10,2015,88,8.3
Diablo III,May 15,2012,88,4.1
F1 2020,July 9,2020,88,7.0
Monster Hunter: World,August 9,2018,88,6.8
Rise of Nations: Thrones & Patriots,April 27,2004,88,8.8
Sid Meier's Pirates!,November 22,2004,88,8.4
EVE Online: Special Edition,March 10,2009,88,7.7
Armadillo Run,April 22,2006,88,7.6
World of Warcraft: Legion,August 30,2016,88,7.6
Pillars of Eternity II: Deadfire,May 8,2018,88,7.8
DOOM Eternal,March 20,2020,88,8.8
Dark Age of Camelot,September 1,2001,88,7.8
Lacuna - A Sci-Fi Noir Adventure,May 20,2021,88,7.0
Baldur's Gate II: Throne of Bhaal,June 21,2001,88,8.8
Counter-Strike,November 8,2000,88,9.2
Owlboy,November 1,2016,88,7.6
Celeste,January 25,2018,88,8.3
Tony Hawk's Pro Skater 4,August 14,2003,88,8.1
Night in the Woods,February 21,2017,88,7.6
Ori and the Blind Forest,March 11,2015,88,8.7
Forza Horizon 4,September 28,2018,88,7.8
Diablo II,June 28,2000,88,8.7
The Witcher 2: Assassins of Kings,May 17,2011,88,8.5
Plants vs. Zombies,May 5,2009,87,8.8
DOOM 3,August 3,2004,87,7.7
Subnautica,January 23,2018,87,8.5
Super Meat Boy,November 30,2010,87,8.2
Football Manager 2010,November 3,2009,87,8.8
Final Fantasy XIV: Stormblood,June 20,2017,87,8.8
Hitman 3,January 20,2021,87,7.5
NBA 2K18,September 14,2017,87,1.6
Shadowrun: Dragonfall - Director's Cut,September 18,2014,87,8.3
Wildermyth,June 15,2021,87,7.9
Out of the Park Baseball 6,April 16,2004,87,2.8
Tom Clancy's Splinter Cell: Pandora Tomorrow,March 23,2004,87,7.9
RimWorld,October 17,2018,87,8.9
Europa Universalis II,November 12,2001,87,8.7
Burnout Paradise: The Ultimate Box,February 5,2009,87,7.6
Battlefield: Bad Company 2,March 2,2010,87,8.2
Steins;Gate,March 31,2014,87,9.0
GRID (2008),June 3,2008,87,7.9
Crypt of the NecroDancer,April 23,2015,87,7.8
Legends of Runeterra,April 29,2020,87,6.9
Sins of a Solar Empire,February 4,2008,87,8.2
Hellblade: Senua's Sacrifice VR Edition,July 31,2018,87,7.9
Thief II: The Metal Age,March 23,2000,87,8.9
MechWarrior 4: Vengeance,November 23,2000,87,7.6
Diablo II: Lord of Destruction,June 27,2001,87,9.0
Monkey Island 2 Special Edition: LeChuck's Revenge,July 7,2010,87,8.8
Half-Life 2: Episode One,June 1,2006,87,8.7
The Yakuza Remastered Collection,January 28,2021,87,8.9
Blind Drive,March 10,2021,87,6.5
Omori,December 25,2020,87,9.2
The Swapper,May 30,2013,87,8.6
Baba Is You,March 13,2019,87,8.3
FIFA 14,September 24,2013,87,5.0
Hitman 2: Silent Assassin,October 1,2002,87,8.2
Year Walk,March 6,2014,87,7.1
Max Payne 3,May 31,2012,87,7.8
TowerFall Ascension,March 11,2014,87,6.9
Hollow Knight,February 24,2017,87,9.0
Icewind Dale,June 29,2000,87,8.3
NHL 2002,September 17,2001,87,7.6
Borderlands 2: Tiny Tina's Assault on Dragon Keep,June 25,2013,87,8.5
Battlefield 3: Armored Kill,September 11,2012,87,7.1
Wasteland 2: Director's Cut,October 13,2015,87,7.5
Orcs Must Die! Unchained,April 19,2017,87,6.5
The Witness,January 26,2016,87,7.1
Kohan: Immortal Sovereigns,March 14,2001,87,8.0
Brothers in Arms: Road to Hill 30,March 8,2005,87,7.3
Dead Space 2,January 25,2011,87,8.4
Raw Data,October 5,2017,87,6.6
Diablo III: Reaper of Souls,March 25,2014,87,6.6
DCS: A-10C Warthog,April 22,2011,87,8.8
Serious Sam: The First Encounter,March 21,2001,87,8.4
Shogun: Total War Warlord Edition,August 13,2001,87,8.4
Grand Prix 3,August 24,2000,87,7.3
Colin McRae Rally 04,April 2,2004,87,7.6
Echo Arena,July 20,2017,87,7.8
Call of Duty: United Offensive,September 14,2004,87,8.2
Divinity: Original Sin,January 17,2014,87,8.7
Unavowed,August 8,2018,87,8.0
Company of Heroes: Opposing Fronts,September 24,2007,87,8.5
Psychonauts,April 19,2005,87,8.8
Gears of War,November 6,2007,87,7.7
Out of the Park Baseball 4,February 28,2002,87,6.9
Until You Fall,October 27,2020,87,tbd
NBA 2K15,October 7,2014,87,5.4
Monster Hunter: World - Iceborne,January 9,2020,87,7.8
F1 2019,June 27,2019,87,7.5
INSIDE,July 7,2016,87,8.6
Europa Universalis IV,August 13,2013,87,8.7
Persona 4 Golden,June 13,2020,87,8.9
Sunless Skies,January 31,2019,87,6.9
Total War: WARHAMMER II,September 28,2017,87,7.9
Zeus: Master of Olympus,October 22,2000,87,8.7
Six Ages: Ride Like the Wind,October 17,2019,87,7.8
NHL 2004,September 22,2003,87,7.5
Dying Light: The Following - Enhanced Edition,February 9,2016,87,8.4
Hex: Shards of Fate,January 26,2016,87,6.3
World of Warcraft: Warlords of Draenor,November 13,2014,87,4.8
Warhammer 40,000: Dawn of War - Dark Crusade,October 9,2006,87,8.9
West of Loathing,August 10,2017,87,7.7
Iconoclasts,January 23,2018,87,8.0
Commandos 2: Men of Courage,September 20,2001,87,8.8
Forza Horizon 3,September 27,2016,86,7.0
Tales From The Borderlands: Episode 5 - The Vault of the Traveler,October 20,2015,86,8.6
Bastion,August 16,2011,86,8.5
Gone Home,August 15,2013,86,5.4
Pac-Man Championship Edition DX +,September 24,2013,86,7.6
Supreme Commander,February 20,2007,86,8.3
Enemy Engaged: RAH-66 Comanche Versus Ka-52 Hokum,July 31,2000,86,7.3
Fallout 2,October 29,1998,86,9.1
Startopia,June 19,2001,86,8.6
Total War: Shogun 2 - Fall of the Samurai,March 22,2012,86,8.4
Oddworld: Abe's Oddysee - New 'n' Tasty,February 25,2015,86,7.7
Final Fantasy XIV: Heavensward,June 23,2015,86,8.8
Football Manager 2013,November 1,2012,86,6.9
Out of the Park Baseball 14,April 15,2013,86,8.2
The Witcher: Enhanced Edition,September 16,2008,86,8.4
Borderlands: The Secret Armory of General Knoxx,February 25,2010,86,7.0
Call of Duty 2,October 25,2005,86,8.5
Astebreed,May 30,2014,86,7.4
Ground Control,June 1,2000,86,7.5
Kentucky Route Zero,February 22,2013,86,7.4
Rise of the Tomb Raider,January 28,2016,86,7.9
Total War: WARHAMMER,May 24,2016,86,7.4
The Gallery - Episode 2: Heart of the Emberstone,October 18,2017,86,7.2
Zero Escape: The Nonary Games,March 24,2017,86,8.8
Flynn: Son of Crimson,September 21,2021,86,7.4
Bug Fables: The Everlasting Sapling,November 21,2019,86,7.6
Resident Evil 5,September 15,2009,86,7.2
Saints Row IV,August 19,2013,86,7.4
Mushihimesama,November 12,2015,86,8.1
Steel Beasts,September 24,2000,86,7.7
EverQuest: Omens of War,September 13,2004,86,8.0
Total Annihilation,September 27,1997,86,8.8
Need for Speed: Hot Pursuit,November 16,2010,86,6.9
FIFA Soccer 13,September 25,2012,86,6.7
Sid Meier's Civilization IV: Beyond the Sword,July 23,2007,86,8.5
The Sims 3,June 2,2009,86,7.8
Freedom Force vs The 3rd Reich,March 8,2005,86,7.6
Death Stranding,July 14,2020,86,7.7
Yakuza 0,August 1,2018,86,8.6
Deathloop,September 14,2021,86,4.9
Tribes: Ascend,April 12,2012,86,7.8
The Binding of Isaac: Rebirth,November 4,2014,86,8.4
Titanfall,March 11,2014,86,6.3
Rayman Origins,March 29,2012,86,8.3
Gears of War 4,October 11,2016,86,6.8
Valfaris,October 10,2019,86,7.9
Panzer Corps 2,March 19,2020,86,5.7
Her Story,June 24,2015,86,6.2
Starcraft II: Heart of the Swarm,March 12,2013,86,8.0
Dishonored 2,November 10,2016,86,7.3
Monster Slayers,March 23,2017,86,6.0
LEGO Star Wars II: The Original Trilogy,September 12,2006,86,8.1
Mass Effect 2: Lair of the Shadow Broker,September 7,2010,86,8.5
Out of the Park Baseball 18,March 24,2017,86,6.8
Townscaper,August 26,2021,86,8.2
The Last Friend,September 30,2021,86,tbd
Dungeon Siege,March 31,2002,86,7.8
Crysis 2,March 22,2011,86,7.0
Mass Effect Legendary Edition,May 14,2021,86,5.5
Call of Duty: Modern Warfare 2,November 10,2009,86,4.6
The Secret of Monkey Island: Special Edition,July 15,2009,86,8.9
Max Payne 2: The Fall of Max Payne,October 14,2003,86,8.9
Homeworld Remastered Collection,February 25,2015,86,8.2
CrossCode,September 20,2018,86,8.2
Galactic Civilizations II: Dread Lords,February 21,2006,86,7.6
Wolfenstein II: The New Colossus,October 27,2017,86,6.8
Tomb Raider,March 4,2013,86,8.4
Star Trek: Voyager Elite Force,September 20,2000,86,7.9
Nioh 2: The Complete Edition,February 5,2021,86,6.8
Worldwide Soccer Manager 2008,October 23,2007,86,7.3
IL-2 Sturmovik: Forgotten Battles,March 2,2003,86,8.0
F1 2016,August 19,2016,86,7.7
DiRT 3,May 23,2011,86,7.0
Devotion,February 19,2019,86,7.8
Links 2001,October 24,2000,86,6.3
Europa Universalis III: Heir to the Throne,December 15,2009,86,8.7
Age of Wonders II: The Wizard's Throne,June 12,2002,86,8.5
Full Throttle,April 30,1995,86,8.6
Unreal Tournament 2003,September 30,2002,86,7.8
EverQuest: The Ruins of Kunark,March 24,2000,86,8.5
The Lord of the Rings Online: Shadows of Angmar,April 24,2007,86,8.0
Desperados III,June 16,2020,86,8.2
Warhammer 40,000: Dawn of War,September 20,2004,86,8.7
Pony Island,January 4,2016,86,7.4
Mass Effect 2: Overlord,June 15,2010,86,7.2
NBA 2K12,October 4,2011,86,7.0
Warhammer Online: Age of Reckoning,September 16,2008,86,7.9
Dead Space (2008),October 20,2008,86,8.2
PlayerUnknown's Battlegrounds,December 20,2017,86,4.7
Thumper,October 10,2016,86,7.3
Bionic Commando Rearmed,August 13,2008,86,6.7
Monster Train,May 21,2020,86,8.2
Command & Conquer: Red Alert 2 - Yuri's Revenge,October 10,2001,86,8.9
Europa Universalis,February 2,2001,86,7.6
Escape from Monkey Island,November 8,2000,86,7.6
IL-2 Sturmovik: 1946,March 13,2007,86,8.7
XCOM: Enemy Within,November 11,2013,86,8.1
Cook-Out: A Sandwich Tale,September 3,2020,86,tbd
Titanfall 2,October 28,2016,86,8.5
Battlefield 3: Back to Karkand,December 13,2011,86,7.3
Football Manager 2022,November 9,2021,86,7.1
Heroes of the Storm,June 2,2015,86,6.3
Civilization III: Conquests,November 4,2003,86,7.8
Path of Exile,January 25,2013,86,7.9
Battlefield: Bad Company 2 Vietnam,December 18,2010,86,8.0
Call of Duty: Modern Warfare Remastered,November 4,2016,86,6.9
Assassin's Creed II,March 9,2010,86,7.4
ENDER LILIES: Quietus of the Knights,June 22,2021,86,8.5
Football Manager 2019,November 2,2018,86,7.1
Day of the Tentacle Remastered,March 21,2016,86,7.9
The Elder Scrolls IV: Shivering Isles,March 26,2007,86,8.3
Assassin's Creed Odyssey,October 2,2018,86,6.2
Cyberpunk 2077,December 10,2020,86,7.1
DiRT Rally,December 7,2015,86,8.5
Rocket League,July 5,2015,86,7.7
Oxygen Not Included,July 30,2019,86,8.2
F1 2021,July 16,2021,86,3.2
Allegiance,March 31,2000,86,7.5
Injustice 2,November 30,2017,86,7.6
Risk of Rain 2,August 11,2020,85,8.2
The Talos Principle,December 11,2014,85,8.6
Cities: Skylines,March 10,2015,85,8.8
Deep Rock Galactic,May 13,2020,85,8.2
Mini Motorways,July 20,2021,85,6.6
Tom Clancy's Rainbow Six,August 21,1998,85,8.1
Falcon 4.0,November 30,1998,85,7.9
Wasteland 3,August 28,2020,85,7.6
Madden NFL 2005,September 14,2004,85,6.4
Legend of Grimrock II,October 15,2014,85,8.0
Sam & Max Episode 205: What's New, Beelzebub?,April 10,2008,85,7.3
Dragon Age: Inquisition,November 18,2014,85,6.0
Tales from the Borderlands: A Telltale Game Series,October 20,2015,85,8.6
Hearthstone: Heroes of Warcraft - Whispers of the Old Gods,April 26,2016,85,5.0
Among Us,November 16,2018,85,6.9
GORN,July 18,2019,85,7.1
Tom Clancy's Rainbow Six: Vegas,December 12,2006,85,7.6
City of Heroes,April 27,2004,85,8.4
BlazBlue: Chrono Phantasma Extend,March 2,2016,85,7.8
SWAT 4,April 5,2005,85,8.6
EverQuest,March 16,1999,85,7.9
Warhammer 40,000: Dawn of War II,February 18,2009,85,8.1
The Sims 4: Realm of Magic,September 10,2019,85,3.7
Paradigm,April 5,2017,85,7.7
Battlerite,November 8,2017,85,7.3
Command & Conquer 3: Tiberium Wars,March 26,2007,85,8.1
Bit.Trip Presents...Runner2: Future Legend of Rhythm Alien,February 26,2013,85,8.1
Hotline Miami,October 23,2012,85,8.5
Metro Exodus: Complete Edition,May 6,2021,85,8.2
NBA 2K10,October 12,2009,85,7.5
Aliens Versus Predator 2,October 31,2001,85,8.7
Out of the Park Baseball 13,April 9,2012,85,7.8
Final Fantasy XV: Windows Edition,March 6,2018,85,8.0
Wizardry 8,November 14,2001,85,8.3
Operation Flashpoint: Cold War Crisis,August 30,2001,85,8.7
Tropico,April 5,2001,85,8.4
Giants: Citizen Kabuto,December 6,2000,85,8.6
Van Helsing I: Complete Pack,May 22,2013,85,8.2
NASCAR SimRacing,February 15,2005,85,4.8
The Lord of the Rings Online: Mines of Moria,November 17,2008,85,8.0
The Binding of Isaac: Afterbirth,October 30,2015,85,8.2
Amnesia: The Dark Descent,September 8,2010,85,8.6
Out of the Park Baseball 11,October 22,2009,85,6.4
Huntdown,May 12,2020,85,7.7
Chaos Reborn,October 26,2015,85,8.1
Russian Subway Dogs,August 2,2018,85,tbd
GTR: FIA GT Racing Game,May 3,2005,85,8.0
Control,August 27,2019,85,7.3
Football Manager 2011,November 4,2010,85,8.3
Dust: An Elysian Tail,May 24,2013,85,8.5
America's Army: Special Forces,November 6,2003,85,8.3
South Park: The Stick of Truth,March 4,2014,85,8.6
Clive Barker's Undying,February 21,2001,85,8.8
Dark Souls: Prepare to Die Edition,August 24,2012,85,7.8
Shadow Tactics: Blades of the Shogun,December 6,2016,85,8.5
Medieval II: Total War Kingdoms,August 28,2007,85,8.8
Supraland,April 5,2019,85,9.0
Monopoly Tycoon,September 24,2001,85,7.7
Final Fantasy IV Pixel Remaster,September 8,2021,85,6.7
Hearthstone: Heroes of Warcraft - League of Explorers,December 10,2015,85,5.7
DmC: Devil May Cry,January 24,2013,85,7.0
Dragon Quest Builders 2,December 10,2019,85,7.2
The Wonderful 101: Remastered,May 19,2020,85,6.4
Hell is Other Demons,May 20,2019,85,8.2
Phoenotopia: Awakening,January 21,2021,85,tbd
Roche Fusion,January 23,2015,85,8.4
NEO: The World Ends With You,September 28,2021,85,7.1
Peggle Deluxe,March 6,2007,85,7.9
The Legend of Heroes: Trails in the Sky,July 29,2014,85,8.6
3 out of 10: Season One,September 24,2020,85,6.9
Crimzon Clover WORLD IGNITION,June 6,2014,85,8.4
Shovel Knight,June 26,2014,85,8.0
Indigo Prophecy,September 20,2005,85,8.3
Prince of Persia: The Two Thrones,December 1,2005,85,8.0
Sam & Max Episode 204: Chariots of the Dogs,March 13,2008,85,7.1
Assetto Corsa,December 19,2014,85,8.4
Machinarium,October 16,2009,85,8.7
Frozen Synapse,May 26,2011,85,7.5
Valkyria Chronicles,November 11,2014,85,8.2
Freelancer,March 3,2003,85,8.9
Zenzizenzic,July 23,2015,85,6.1
Galactic Civilizations III: Crusade,May 4,2017,85,7.0
The Wolf Among Us: Episode 1 - Faith,October 11,2013,85,8.9
SteamWorld Dig 2,September 22,2017,85,8.4
Robo Recall,March 1,2017,85,7.6
Mega Man Legacy Collection,August 24,2015,85,8.6
Far Cry 2,October 21,2008,85,6.0
AudioSurf,February 15,2008,85,8.7
Battlefield 3: Aftermath,December 4,2012,85,7.7
The Walking Dead: Episode 3 - Long Road Ahead,August 29,2012,85,8.3
BattleBlock Theater,May 15,2014,85,7.9
Dragon Ball FighterZ,January 26,2018,85,7.4
Star Wars: Knights of the Old Republic II - The Sith Lords,February 8,2005,85,8.5
AMID EVIL,June 20,2019,85,7.4
Batman: The Enemy Within - Episode 5: Same Stitch,March 26,2018,85,7.5
MVP Baseball 2005,February 22,2005,85,7.3
Ghost Giant,February 20,2020,85,tbd
Full Metal Furies,January 17,2018,85,7.6
The Elder Scrolls III: Bloodmoon,June 3,2003,85,8.3
Rogue Legacy,June 27,2013,85,7.9
Thief: Deadly Shadows,May 25,2004,85,8.3
Octahedron,March 20,2018,85,7.6
Football Manager 2014,October 30,2013,85,5.7
System Shock: Enhanced Edition,September 22,2015,85,8.6
Star Chamber,November 13,2003,85,8.5
EverQuest: Gates of Discord,February 9,2004,85,7.3
FIFA 2001 Major League Soccer,October 30,2000,85,6.9
Shu,October 4,2016,85,6.4
Sid Meier's Civilization V: Brave New World,July 8,2013,85,8.6
Football Manager 2021,November 24,2020,85,6.3
Total War: Three Kingdoms,May 23,2019,85,7.6
Sengoku Jidai: Shadow of the Shogun,May 19,2016,85,5.7
The Last Door: Season 2,March 29,2016,85,7.3
Inscryption,October 19,2021,85,8.8
Thronebreaker: The Witcher Tales,November 9,2018,85,8.0
Final Fantasy XI,October 28,2003,85,7.7
Resident Evil 4 VR (Oculus Quest 2),October 21,2021,85,8.9
Serious Sam: The Second Encounter,February 4,2002,85,8.6
IL-2 Sturmovik: Forgotten Battles - Ace,March 2,2004,85,8.4
The Sims: Hot Date,November 12,2001,85,7.8
Nancy Drew: The Haunted Carousel,August 22,2003,85,8.5
American McGee's Alice,December 6,2000,85,8.1
Death's Door,July 20,2021,85,7.7
Trials Evolution: Gold Edition,March 21,2013,85,6.9
Chime Sharp,July 19,2016,85,4.8
Warhammer 40,000: Dawn of War - Winter Assault,September 21,2005,85,8.4
Outer Wilds,May 30,2019,85,8.3
Starcraft Remastered,August 14,2017,85,7.9
Planescape: Torment - Enhanced Edition,April 11,2017,85,7.2
Tony Hawk's Underground 2,October 4,2004,85,7.6
Manifold Garden,October 20,2020,85,7.3
Papers, Please,August 8,2013,85,8.5
DOOM,May 13,2016,85,8.5
Star Wars: The Old Republic,December 20,2011,85,6.0
Mighty Switch Force! Hyper Drive Edition,June 25,2015,85,7.3
Anarchy Online: Shadowlands,September 8,2003,85,8.4
Dark Age of Camelot: Shrouded Isles,December 2,2002,85,7.4
Obsidian,December 31,1996,85,7.1
Embracelet,September 24,2020,85,8.0
The Forgotten City,July 28,2021,84,7.7
DiRT Rally 2.0,February 26,2019,84,4.9
Warhammer 40,000: Dawn of War II - Chaos Rising,March 10,2010,84,8.6
The Walking Dead: Episode 2 - Starved for Help,June 29,2012,84,8.5
Saints Row: The Third,November 14,2011,84,8.1
Tales of Arise,September 10,2021,84,8.5
Fallout: New Vegas,October 19,2010,84,8.8
The Legend of Tianding,November 1,2021,84,8.2
The Movies,November 8,2005,84,8.2
Sid Meier's SimGolf,January 23,2002,84,7.6
Neverwinter Nights: Hordes of the Underdark,December 2,2003,84,8.4
Command & Conquer: Generals,February 10,2003,84,8.4
Middle-earth: Shadow of Mordor,September 30,2014,84,7.9
SpaceChem,March 2,2011,84,8.4
Aliens Go Home Run,January 27,2017,84,7.5
Pinball FX 2,October 27,2012,84,7.7
Atelier Ryza 2: Lost Legends & the Secret Fairy,January 26,2021,84,7.7
Resident Evil,September 30,1997,84,8.9
Guilty Gear -Strive-,June 11,2021,84,7.9
If Found...,May 19,2020,84,7.0
PlanetSide 2,November 20,2012,84,7.1
Planet Coaster,November 17,2016,84,7.7
The Bard's Tale IV: Director's Cut,August 27,2019,84,7.1
Flanker 2.5,March 26,2002,84,7.8
Rakuen,May 10,2017,84,8.3
Guilty Gear Xrd -SIGN-,December 9,2015,84,7.7
GT Legends,January 23,2006,84,7.8
Reventure,June 4,2019,84,7.5
Ikaruga,February 18,2014,84,8.4
The Sims 4: Island Living,June 21,2019,84,4.7
Hearthstone: Heroes of Warcraft - Goblins Vs. Gnomes,December 8,2014,84,6.0
Knockout League,February 13,2018,84,tbd
Halo: The Master Chief Collection - Halo 4,November 17,2020,84,7.8
Space Rangers 2: Rise of the Dominators,March 27,2006,84,8.9
Tales From The Borderlands: Episode 1 - Zer0 Sum,November 25,2014,84,8.4
Sprint Vector,February 2,2018,84,6.8
Puzzle Quest: Challenge of the Warlords,October 10,2007,84,7.8
Destiny 2: Forsaken,September 4,2018,84,6.1
Command & Conquer: Red Alert 2,October 21,2000,84,8.9
Sub Command,September 12,2001,84,7.1
Shogun: Total War,June 13,2000,84,8.4
Hearthstone: Heroes of Warcraft - Knights of the Frozen Throne,August 10,2017,84,3.4
Mythic Ocean,January 9,2020,84,7.1
Heroes of Might and Magic IV,March 28,2002,84,7.6
Everhood,March 4,2021,84,7.3
DiRT,June 19,2007,84,7.3
Super Street Fighter IV: Arcade Edition,July 7,2011,84,7.7
Field of Glory II,October 12,2017,84,8.3
Mortal Kombat XL,October 4,2016,84,8.0
Giana Sisters: Twisted Dreams - Rise of the Owlverlord,September 26,2013,84,8.0
Wingspan,September 17,2020,84,7.1
Football Manager 2012,October 20,2011,84,7.9
Guild Wars Factions,April 28,2006,84,8.4
Gorogoa,December 14,2017,84,8.4
Darkest Dungeon,January 19,2016,84,7.9
80 Days (2015),September 29,2015,84,7.4
Spore,September 7,2008,84,5.7
Unity of Command,November 15,2011,84,7.3
Out of the Park Baseball 5,February 28,2003,84,tbd
Hearthstone: Heroes of Warcraft - The Grand Tournament,August 24,2015,84,4.0
Eliza,August 12,2019,84,6.3
Metro Redux,August 26,2014,84,7.9
Enter the Gungeon,April 5,2016,84,7.9
Time Gentlemen, Please!,July 2,2009,84,7.4
Horizon Zero Dawn: Complete Edition,August 7,2020,84,6.5
Total War: WARHAMMER II - Rise of the Tomb Kings,January 23,2018,84,7.0
Creed: Rise to Glory,September 25,2018,84,6.0
Bulb Boy,October 29,2015,84,7.8
Mass Effect 3: Citadel,March 5,2013,84,7.9
Umurangi Generation,May 19,2020,84,7.2
Disciples II: Dark Prophecy,January 22,2002,84,8.7
Europa Universalis IV: Wealth of Nations,May 29,2014,84,8.5
Frostpunk,April 24,2018,84,8.4
Just Cause 2,March 23,2010,84,7.7
Football Manager 2020,November 18,2019,84,6.0
Nex Machina: Death Machine,June 20,2017,84,6.8
Streets of Rage 4,April 30,2020,84,7.8
Crysis Warhead,September 16,2008,84,7.9
Assassin's Creed IV: Black Flag,November 19,2013,84,7.9
Griftlands,June 1,2021,84,7.4
Hyper Light Drifter,March 31,2016,84,8.2
Hitman - Episode 2: Sapienza,April 26,2016,84,6.1
SimCity 4,January 12,2003,84,8.7
Age of Mythology: The Titans,September 30,2003,84,8.8
MotoGP 2,May 21,2003,84,7.8
Microsoft Train Simulator,May 31,2001,84,7.6
Magic: The Gathering Arena,September 27,2018,84,3.1
Lair of the Clockwork God,February 21,2020,84,7.4
Final Fantasy IX,April 14,2016,84,8.8
Black Mesa,September 14,2012,84,8.9
Rise of Nations: Rise of Legends,May 9,2006,84,8.4
TOCA Race Driver 3,February 22,2006,84,7.7
FTL: Faster Than Light,September 14,2012,84,8.4
Guacamelee! 2,August 21,2018,84,7.6
SOMA,September 21,2015,84,8.4
DEFCON: Everybody Dies,September 29,2006,84,8.4
Teleglitch,December 10,2012,84,7.6
Tom Clancy's The Division 2,March 15,2019,84,4.6
Tron 2.0,August 26,2003,84,8.3
Fuga: Melodies of Steel,July 29,2021,84,8.2
NieR: Automata,March 17,2017,84,8.6
Salt and Sanctuary,May 17,2016,84,7.8
Brothers in Arms: Earned in Blood,October 6,2005,84,7.4
Total War: Shogun 2 - Rise of the Samurai,September 27,2011,84,8.2
The Darkside Detective: A Fumble in the Dark,April 15,2021,84,7.9
Nioh: Complete Edition,November 7,2017,84,7.0
ICEY,November 17,2016,84,7.7
Grim Fandango Remastered,January 26,2015,84,8.1
Age of Empires II: Definitive Edition,November 14,2019,84,8.8
Spiritfarer,August 18,2020,84,8.0
Thimbleweed Park,March 30,2017,84,8.1
The Lord of the Rings: The Battle for Middle-Earth II,March 2,2006,84,7.8
Sonic Mania,August 15,2017,84,7.7
Battlefield Vietnam,March 14,2004,84,7.6
Medieval: Total War - Viking Invasion,May 7,2003,84,8.4
Fallout 4,November 9,2015,84,5.6
Guild Wars Nightfall,October 26,2006,84,8.5
Control: Ultimate Edition,August 27,2020,84,6.8
Enemy Territory: Quake Wars,October 2,2007,84,8.3
The Binding of Isaac,September 28,2011,84,8.3
FIFA 17,September 27,2016,84,4.3
Trine 2,December 7,2011,84,8.3
Rift,March 1,2011,84,7.3
Telling Lies,August 23,2019,84,6.2
Project CARS 2,September 21,2017,84,7.2
The Wolf Among Us: Episode 5 - Cry Wolf,July 8,2014,84,8.7
Shift 2: Unleashed,March 29,2011,84,6.1
The End Is Nigh,July 12,2017,84,7.5
Sid Meier's Civilization IV: Warlords,July 24,2006,84,8.1
Poseidon,June 25,2001,84,7.6
Astalon: Tears of the Earth,June 3,2021,84,6.1
SpeedRunners,April 19,2016,84,7.5
Master of Orion II: Battle at Antares,October 1,1996,84,9.0
Battlefield 1942: The Road to Rome,February 2,2003,84,7.8
Reigns: Game Of Thrones,October 18,2018,84,6.4
Might & Magic: Duel of Champions,September 13,2012,84,6.9
Unsighted,September 30,2021,84,7.7
GRIS,December 13,2018,84,8.5
Shovel Knight: King of Cards,December 10,2019,84,7.6
Archvale,December 2,2021,84,7.6
F1 2010,September 21,2010,84,7.1
Assassin's Creed Origins,October 27,2017,84,6.8
Shatter (2009),March 15,2010,84,7.3
Darwinia,July 14,2005,84,7.8
Ultimate General: Gettysburg,October 16,2014,84,7.8
Yoku's Island Express,May 29,2018,84,7.9
Borderlands: The Zombie Island of Dr. Ned,December 8,2009,84,7.3
Dark Souls Remastered,May 23,2018,84,7.5
Kingdom Hearts III - Re Mind,March 30,2021,84,6.4
Genshin Impact,September 28,2020,84,4.0
Final Fantasy XI: Treasures of Aht Urhgan,April 18,2006,83,6.9
Two Point Hospital,August 29,2018,83,7.5
SUPERHOT VR,December 5,2016,83,7.4
Grim Dawn,February 25,2016,83,8.4
MDK2,May 31,2000,83,7.7
Final Fantasy XII: The Zodiac Age,February 1,2018,83,8.6
Mount & Blade: Warband - Napoleonic Wars,April 19,2012,83,7.9
Gunpoint,June 3,2013,83,8.4
Detention,January 12,2017,83,7.8
Bloodstained: Ritual of the Night,June 18,2019,83,8.3
Beyond Good & Evil,November 19,2003,83,8.7
Mr. Robot,January 10,2007,83,7.5
Anno 2070,November 17,2011,83,7.1
SMITE,March 25,2014,83,8.1
Life is Strange 2: Episode 5 - Wolves,December 3,2019,83,5.9
Halo: Combat Evolved,September 30,2003,83,7.7
Valkyria Chronicles 4,September 25,2018,83,8.2
Monolith (2017),June 7,2017,83,8.5
Galactic Civilizations III: Intrigue,April 11,2018,83,6.3
Final Fantasy X / X-2 HD Remaster,May 12,2016,83,8.1
Clannad,November 23,2015,83,8.8
Guild Wars 2: Path of Fire,September 22,2017,83,7.3
I Expect You To Die 2: The Spy And The Liar,August 24,2021,83,tbd
Unpacking,November 2,2021,83,7.7
Hellblade: Senua's Sacrifice,August 7,2017,83,8.1
Silent Storm,January 20,2004,83,8.3
EverQuest: The Shadows of Luclin,December 2,2001,83,7.2
Xtreme Air Racing,September 14,2002,83,5.9
Command & Conquer: Generals - Zero Hour,September 22,2003,83,8.8
Crash Bandicoot 4: It's About Time,March 26,2021,83,5.2
Homeworld 2,September 16,2003,83,8.4
Galactic Civilizations,March 26,2003,83,7.7
Orcs Must Die!,October 11,2011,83,8.1
Life is Strange,October 20,2015,83,8.6
Fable: The Lost Chapters,September 20,2005,83,8.6
WHAT THE GOLF?,September 19,2019,83,7.9
Papetura,May 7,2021,83,5.5
Four Last Things,February 23,2017,83,7.6
Call of Duty: Black Ops 4,October 12,2018,83,3.2
Deus Ex: Mankind Divided,August 23,2016,83,6.9
Bleed 2,February 8,2017,83,7.1
Parkitect,November 29,2018,83,8.7
Unreal Tournament III,November 19,2007,83,8.0
This War of Mine,November 14,2014,83,8.3
Devil Daggers,February 18,2016,83,7.2
Don't Starve Together,April 21,2016,83,8.1
The Elder Scrolls Online: Summerset,May 21,2018,83,6.1
The Lord of the Rings Online: Siege of Mirkwood,December 1,2009,83,7.0
The Blackwell Epiphany,April 24,2014,83,7.7
One Finger Death Punch 2,April 15,2019,83,8.1
Out of the Park Baseball 10,June 2,2009,83,7.6
Frozen Synapse Prime,November 14,2014,83,6.8
Tomb Raider: Anniversary,June 5,2007,83,8.1
Muv-Luv Alternative,September 18,2017,83,8.6
The Forest,April 30,2018,83,7.4
Need for Speed: Shift,September 15,2009,83,5.9
Hearts of Iron II,January 4,2005,83,8.3
Danganronpa 2: Goodbye Despair,April 18,2016,83,8.8
FIFA Soccer 11,September 28,2010,83,7.6
Project CARS,May 6,2015,83,7.2
Hitman - Episode 6: Hokkaido,October 31,2016,83,7.2
Riven: The Sequel to Myst,October 31,1997,83,8.7
Total War: WARHAMMER II - Curse of the Vampire Coast,November 8,2018,83,7.4
FIFA Soccer 2003,November 2,2002,83,7.0
Age of Empires,September 30,1997,83,8.7
Outer Wilds: Echoes of the Eye,September 28,2021,83,8.5
Icewind Dale II,August 26,2002,83,8.3
Wings of Power: WWII Heavy Bombers and Jets,September 13,2004,83,tbd
EverQuest II: Echoes of Faydwer,November 13,2006,83,8.6
Naked War,October 10,2006,83,tbd
Observer: System Redux,November 10,2020,83,7.4
EverQuest II,November 8,2004,83,7.3
Terraria,May 16,2011,83,8.7
Little Nightmares II,February 11,2021,83,8.2
Destiny 2,October 24,2017,83,4.3
Final Fantasy XIV Online: A Realm Reborn,August 27,2013,83,7.5
Card Hunter (2013),September 12,2013,83,7.6
Sam & Max: The Devil's Playhouse - Episode 2: The Tomb of Sammun-Mak,May 18,2010,83,7.5
Kena: Bridge of Spirits,September 21,2021,83,7.9
Kathy Rain: Director's Cut,October 26,2021,83,tbd
The Elder Scrolls V: Skyrim - Dragonborn,February 5,2013,83,7.9
Quern - Undying Thoughts,November 28,2016,83,8.6
Paladins,May 8,2018,83,7.3
Ibb & Obb,May 26,2014,83,8.2
Bravely Default II,September 2,2021,83,6.8
Combat Flight Simulator 2: WWII Pacific Theater,October 13,2000,83,7.0
World of Outlaws: Sprint Cars,February 11,2003,83,7.2
DOOM II,September 30,1994,83,8.9
Darksiders,September 23,2010,83,7.7
DarkMaus,January 26,2016,83,7.0
Sunset Overdrive,November 16,2018,83,7.3
Divide By Sheep,July 2,2015,83,7.0
Colin McRae Rally 2.0,February 13,2001,83,8.6
Tales From Space: Mutant Blobs Attack,August 15,2012,83,7.7
Tom Clancy's Rainbow Six 3: Raven Shield,March 19,2003,83,8.7
Orcs Must Die! 2,July 30,2012,83,7.9
Hitman,October 31,2016,83,7.5
Trials of Fire,April 9,2021,83,6.9
Prey (2006),July 11,2006,83,7.9
Metal Gear Rising: Revengeance,January 9,2014,83,8.1
The Riftbreaker,October 14,2021,83,8.6
Age of Conan: Rise of the Godslayer,May 11,2010,83,7.6
Starseed Pilgrim,April 16,2013,83,6.2
Alan Wake,February 16,2012,83,8.0
Tiger Woods PGA Tour 2002,February 24,2002,83,5.8
Monaco: What's Yours Is Mine,April 24,2013,83,7.7
Trials Rising,February 26,2019,83,5.1
Transistor,May 20,2014,83,8.3
Yakuza: Like a Dragon,November 10,2020,83,7.9
Sunlight,January 14,2021,83,5.8
Super Mega Baseball 2,May 1,2018,83,7.1
Universe Sandbox,April 29,2011,83,7.1
The Sexy Brutale,April 11,2017,83,7.7
Helldivers,December 7,2015,83,7.0
Worldwide Soccer Manager 2009,November 18,2008,83,7.6
Call of Duty: World at War,November 10,2008,83,7.7
Torchlight,October 27,2009,83,7.9
Ape Out,February 28,2019,83,6.7
Crimson Skies,September 17,2000,83,7.7
Valdis Story: Abyssal City,September 8,2013,83,7.7
Fighter Ace 3.5,November 25,2002,83,tbd
Katana ZERO,April 18,2019,83,8.9
World of Warcraft: Shadowlands,November 23,2020,83,3.8
RACE 07: Official WTCC Game,October 9,2007,83,8.8
Skullgirls,August 22,2013,83,7.8
Freedom Planet,July 21,2014,83,8.3
The Great Ace Attorney Chronicles,July 27,2021,83,6.1
EverQuest II: Rise of Kunark,November 13,2007,83,7.6
Pathfinder: Wrath of the Righteous,September 2,2021,83,7.7
Dark Age of Camelot: Catacombs,December 7,2004,83,7.0
Puzzle Quest 2,August 12,2010,83,6.7
The Legend of Heroes: Trails in the Sky the 3rd,May 3,2017,83,8.2
Subsurface Circular,August 17,2017,83,7.3
ABZU,August 2,2016,83,7.1
The Messenger,August 30,2018,83,7.8
Pistol Whip,November 7,2019,83,7.7
Hypnospace Outlaw,March 12,2019,83,6.7
Cave Story Plus,November 22,2011,83,8.3
Colin McRae Rally 2005,October 28,2004,83,7.6
Spore Creature Creator,June 17,2008,83,7.7
Disc Room,October 22,2020,83,7.5
Tom Clancy's Splinter Cell: Conviction,April 27,2010,83,5.6
Tribes: Vengeance,October 12,2004,83,7.8
Resident Evil Village,May 7,2021,83,8.4
L.A. Noire: The Complete Edition,November 8,2011,83,8.0
GTR Evolution,September 1,2008,83,7.8
Life is Strange: Episode 5 - Polarized,October 20,2015,83,8.3
Dragon Age II: Mark of the Assassin,October 11,2011,83,5.3
Demeo,May 6,2021,83,8.2
Broforce,April 7,2014,83,8.0
Myst III: Exile,May 8,2001,83,7.8
Euro Truck Simulator 2: Vive La France! Add-On,December 16,2016,83,8.6
Pig Eat Ball,September 26,2018,83,6.5
Independence War 2: Edge of Chaos,August 22,2001,83,8.1
Superbrothers: Sword & Sworcery EP,April 16,2012,83,6.5
Sid Meier's Civilization IV: Colonization,September 22,2008,83,7.1
Steel Division: Normandy 44,May 23,2017,83,7.7
Hearts of Iron IV,June 6,2016,83,7.5
Tales From Off-Peak City Vol. 1,May 15,2020,83,8.1
Europa Universalis III,January 23,2007,83,8.4
Duskers,May 18,2016,83,6.4
F1 2011,September 19,2011,83,7.2
Prince of Persia: Warrior Within,November 30,2004,83,8.6
Door Kickers,October 20,2014,83,7.8
Counter-Strike: Global Offensive,August 21,2012,83,7.3
Resident Evil 7: biohazard,January 23,2017,83,7.8
Euro Truck Simulator 2: Italia Add-On,December 1,2017,83,8.5
Gunheart,June 4,2018,83,6.5
The Floor is Jelly,February 1,2014,83,6.6
Crown Trick,October 16,2020,83,7.6
The Eternal Cylinder,September 30,2021,83,8.5
The Wizards - Dark Times,June 4,2020,83,tbd
Metal Gear Solid,September 24,2000,83,8.9
Terrian Saga: KR-17,July 9,2014,83,8.2
Blake: The Visual Novel,August 31,2021,83,tbd
Slayaway Camp,October 25,2016,83,7.6
Synth Riders,November 1,2019,83,tbd
MechWarrior 4: Mercenaries,November 7,2002,83,8.5
F1 2018,August 23,2018,83,7.5
Stellaris: Synthetic Dawn,September 21,2017,83,6.9
Invisible, Inc.,May 12,2015,82,7.9
Dark Souls II: Crown of the Ivory King,September 29,2014,82,8.0
Red Faction: Guerrilla,September 15,2009,82,7.6
Command & Conquer Remastered Collection,June 5,2020,82,8.7
The Book of Unwritten Tales,October 28,2011,82,8.3
Monster Boy and the Cursed Kingdom,July 25,2019,82,8.2
Duck Game,June 4,2015,82,8.5
Capitalism II,December 16,2001,82,8.6
Rally Trophy,November 20,2001,82,7.0
YUKI,July 22,2021,82,tbd
Chivalry 2,June 8,2021,82,5.1
Dark Souls III: The Ringed City,March 28,2017,82,8.3
Dawn of Discovery,June 17,2009,82,8.8
Hitman 2,November 13,2018,82,7.5
L.A. Noire: The VR Case Files,December 15,2017,82,6.2
City of Villains,October 31,2005,82,7.6
The Banner Saga 2,April 19,2016,82,8.3
Galactic Civilizations II: Endless Universe,September 26,2008,82,tbd
Realm of the Mad God,February 20,2012,82,7.1
Kaze and the Wild Masks,March 26,2021,82,7.8
Death's Gambit: Afterlife,September 30,2021,82,8.7
Kentucky Route Zero - Act II,May 31,2013,82,7.6
Football Manager 2018,November 10,2017,82,6.0
Tom Clancy's Splinter Cell: Blacklist,August 20,2013,82,7.5
Sam & Max Save the World Remastered,December 2,2020,82,5.2
SUPERHOT,February 25,2016,82,7.6
Rainbow Billy: The Curse of the Leviathan,October 5,2021,82,8.4
SnowRunner,April 28,2020,82,6.7
Yakuza 6: The Song of Life,March 25,2021,82,8.5
Act of War: Direct Action,March 15,2005,82,7.9
Tekken 7,June 1,2017,82,6.8
Bonfire Peaks,September 30,2021,82,tbd
Sokobond,August 27,2013,82,7.5
Mortal Kombat 11,April 23,2019,82,3.2
Sam & Max Episode 105: Reality 2.0,March 29,2007,82,7.5
One Step From Eden,March 26,2020,82,8.5
Ruined King: A League of Legends Story,November 16,2021,82,7.8
Dangerous Waters,February 22,2005,82,8.6
Bejeweled 3,December 7,2010,82,7.8
Tomb Raider: Legend,April 11,2006,82,7.9
Asheron's Call 2: Fallen Kings,November 20,2002,82,7.2
Yakuza Kiwami 2,May 9,2019,82,8.5
Gemini Rue,February 24,2011,82,8.3
Antichamber,January 31,2013,82,8.3
Neverwinter Nights 2,October 31,2006,82,6.6
Final Fantasy V Pixel Remaster,November 10,2021,82,8.5
Creature in the Well,September 6,2019,82,5.5
Dragon Age: Origins - Awakening,March 16,2010,82,7.9
Danganronpa: Trigger Happy Havoc,February 18,2016,82,8.6
Hearthstone: Heroes of Warcraft - Blackrock Mountain,April 2,2015,82,5.6
Rome: Total War Barbarian Invasion,September 27,2005,82,8.3
Octogeddon,February 8,2018,82,8.1
Eastward,September 16,2021,82,7.2
BLACKHOLE,February 27,2015,82,7.7
Hacknet,August 12,2015,82,7.8
Halo Infinite,December 8,2021,82,tbd
Assassin's Creed Valhalla,November 10,2020,82,7.4
Tales of Monkey Island Chapter 3: Lair of the Leviathan,September 29,2009,82,7.7
Shadow Tactics: Blades of the Shogun - Aiko's Choice,December 6,2021,82,tbd
Neverwinter Nights 2: Mask of The Betrayer,October 9,2007,82,8.5
Sins of a Solar Empire: Rebellion,June 12,2012,82,7.9
Warlords Battlecry II,March 11,2002,82,8.1
Tom Clancy's Ghost Recon: Desert Siege,March 27,2002,82,6.7
Age of Wonders: Shadow Magic,July 25,2003,82,8.7
NBA 2K11,October 5,2010,82,8.9
Broken Sword: The Sleeping Dragon,November 17,2003,82,7.3
Football Manager Live,January 23,2009,82,3.0
Marvel: Ultimate Alliance,October 24,2006,82,7.7
Metro Exodus,February 15,2019,82,7.2
The Talos Principle: Road To Gehenna,July 23,2015,82,8.0
Lara Croft and the Guardian of Light,September 28,2010,82,7.9
The Outer Worlds,October 25,2019,82,7.3
Stellaris: Utopia,April 6,2017,82,7.9
Aquaria,December 7,2007,82,8.2
Need for Speed: Underground,November 17,2003,82,8.3
TrackMania Sunrise,May 6,2005,82,7.7
King's Quest Chapter 1: A Knight to Remember,July 28,2015,82,7.4
Dragon Age II,March 8,2011,82,4.6
Joe Danger 2: The Movie,June 24,2013,82,7.3
Endless Legend,April 24,2014,82,8.0
Momodora: Reverie Under the Moonlight,March 4,2016,82,8.4
Tom Clancy's Ghost Recon: Island Thunder,September 25,2002,82,6.7
Jimmy and the Pulsating Mass,August 7,2018,82,7.9
Ultra Street Fighter IV,August 7,2014,82,7.2
Robotics;Notes Elite,October 13,2020,82,8.8
Pyre,July 25,2017,82,8.0
The Ramp,August 3,2021,82,tbd
Mystery Case Files: Dire Grove,November 25,2009,82,8.0
Batbarian: Testament of the Primordials,October 15,2020,82,8.7
The Banner Saga 3,July 26,2018,82,8.0
Burly Men At Sea,September 29,2016,82,6.9
S.T.A.L.K.E.R.: Shadow of Chernobyl,March 20,2007,82,8.4
Creaks,July 22,2020,82,8.2
Kero Blaster,May 11,2014,82,7.1
Subnautica: Below Zero,May 14,2021,82,6.3
Monday Night Combat,January 24,2011,82,7.2
VIDEOBALL,July 12,2016,82,7.6
The Wolf Among Us: Episode 3 - A Crooked Mile,April 8,2014,82,8.6
The Sims 4: Eco Lifestyle,June 5,2020,82,3.4
Airborne Assault: Red Devils Over Arnhem,June 17,2002,82,7.4
Wandersong,September 27,2018,82,8.1
Fallout Tactics: Brotherhood of Steel,March 14,2001,82,7.7
Need for Speed: Underground 2,November 9,2004,82,8.6
NHL Eastside Hockey Manager 2005,October 5,2005,82,6.6
Legend of Grimrock,April 11,2012,82,8.1
Super Hydorah,September 20,2017,82,tbd
Dominions 3: The Awakening,September 29,2006,82,7.7
Life is Strange 2: Episode 4 - Faith,August 22,2019,82,5.0
Bulletstorm,February 21,2011,82,7.8
Borderlands 2: Mr. Torgue's Campaign of Carnage,November 20,2012,82,7.2
Desktop Dungeons,October 17,2010,82,7.6
Fallout: New Vegas - Old World Blues,July 19,2011,82,7.7
Crusader Kings II,February 14,2012,82,8.7
Battle Realms,November 7,2001,82,8.5
Ni no Kuni: Wrath of the White Witch Remastered,September 20,2019,82,7.6
Europa 1400: The Guild,November 18,2002,82,8.4
Tainted Grail: Conquest,May 27,2021,82,7.5
MVP Baseball 2004,March 9,2004,82,7.5
Warlords Battlecry,July 9,2000,82,7.7
Sam & Max Episode 201: Ice Station Santa,November 8,2007,82,8.2
Technobabylon,May 21,2015,82,7.7
World of Warcraft: Mists of Pandaria,September 25,2012,82,5.8
Filament,April 23,2020,82,7.6
Recettear: An Item Shop's Tale,September 10,2010,82,8.7
Quake Remastered,August 19,2021,82,8.7
FIFA 15,September 23,2014,82,4.5
Ninja Pizza Girl,September 30,2015,82,6.3
ETHER One,March 25,2014,82,6.6
Forza Motorsport 7,October 3,2017,82,4.8
X-Plane 8,December 10,2004,82,7.5
The Vanishing of Ethan Carter,September 25,2014,82,8.0
Flight Simulator X: Acceleration,October 23,2007,82,7.2
Blood,May 31,1997,82,8.8
Welcome to Elk,September 17,2020,82,6.9
Children of Morta,September 3,2019,82,8.3
Duelyst,May 3,2016,82,7.7
Command & Conquer: Red Alert 3,October 28,2008,82,6.9
The Walking Dead: Episode 1 - A New Day,April 24,2012,82,8.4
The Sims: Livin' Large,August 27,2000,82,7.4
Waves,November 16,2011,82,7.7
Syberia,September 1,2002,82,8.5
Kelly Slater's Pro Surfer,October 15,2003,82,7.8
Earth & Beyond,September 2,2002,82,7.1
Virtual Pool 3,November 14,2000,82,7.1
Links 2003,September 16,2002,82,6.8
DCS: Black Shark,April 13,2009,82,8.5
King's Bounty: Armored Princess,November 19,2009,82,8.6
Atomik: RunGunJumpGun,August 31,2016,82,7.4
Chicken Police - Paint it RED!,November 5,2020,82,7.8
Monster Hunter Stories 2: Wings of Ruin,July 9,2021,82,7.8
Creepy Castle,October 31,2016,82,6.6
HoPiKo,January 6,2017,82,tbd
Age of Wonders III - Golden Realms,September 18,2014,82,8.6
Warhammer: Vermintide 2,March 8,2018,82,7.5
Gears 5,September 10,2019,82,6.9
Strong Bad's Cool Game for Attractive People Episode 5: 8-Bit Is Enough,December 15,2008,82,7.3
Prince of Persia,December 9,2008,82,7.3
Wargroove,February 1,2019,82,6.0
Joint Operations: Typhoon Rising,June 15,2004,82,8.5
Xpand Rally,April 20,2006,82,7.3
Sakuna: Of Rice and Ruin,November 10,2020,82,7.2
Prey,May 5,2017,82,8.2
Dark Souls II: Crown of the Sunken King,July 22,2014,82,7.5
Resident Evil HD Remaster,January 20,2015,82,8.5
Loop Hero,March 4,2021,82,8.1
Celtic Kings: Rage of War,August 21,2002,82,7.7
EverQuest: The Scars of Velious,December 4,2000,82,7.3
B-17 Flying Fortress: The Mighty 8th,December 13,2000,82,7.3
Metro: Last Light,May 13,2013,82,8.5
Rising Storm,May 30,2013,82,8.4
Lethal League,August 27,2014,82,7.7
Ratropolis,December 22,2020,82,tbd
Botanicula,April 19,2012,82,8.3
A Short Hike,July 30,2019,82,8.5
Darkest Dungeon: The Crimson Court,June 19,2017,82,6.8
Plants vs Zombies: Garden Warfare 2,February 23,2016,82,7.5
She Remembered Caterpillars,January 17,2017,82,5.8
Bookworm Adventures Deluxe,December 20,2006,82,8.0
Pro Evolution Soccer 2015,November 13,2014,82,5.6
The Lord of the Rings: The Battle for Middle-Earth,December 6,2004,82,8.6
Hitman: Blood Money,May 30,2006,82,8.8
Need for Speed: Most Wanted,November 15,2005,82,8.7
Fell Seal: Arbiter's Mark,August 16,2018,82,7.4
Broken Age: Act 1,January 28,2014,82,7.7
OlliOlli2: Welcome to Olliwood,August 11,2015,82,5.8
Divinity II: The Dragon Knight Saga,November 5,2010,82,8.3
Cyber Shadow,January 26,2021,82,7.1
Out of the Park Baseball 9,June 1,2008,82,7.4
The Simpsons: Hit & Run,November 13,2003,82,8.1
Avadon 2: The Corruption,October 30,2013,82,7.7
ISLANDERS,April 4,2019,82,8.6
WildStar,June 3,2014,82,7.5
The Last Express,March 31,1997,82,8.7
Battlefield 1: In the Name of the Tsar,September 5,2017,82,5.6
Star Drift Evolution,August 27,2021,82,8.8
America's Army,July 4,2002,82,5.9
The Next Penelope,May 29,2015,82,8.2
Star Trek Bridge Commander,February 27,2002,82,7.6
Wreckfest,June 14,2018,81,7.4
Quake 4,October 11,2005,81,7.6
World of Warcraft Classic,August 27,2019,81,6.3
Starbound,July 22,2016,81,7.3
Doki Doki Literature Club Plus!,June 30,2021,81,8.6
Nidhogg,January 13,2014,81,6.8
Battlefield 4,October 19,2013,81,6.2
Yuppie Psycho,April 25,2019,81,8.3
Torment: Tides of Numenera,February 28,2017,81,6.9
eFootball PES 2020,September 10,2019,81,6.5
Rogue Heroes: Ruins of Tasos,February 23,2021,81,tbd
To the Moon,November 1,2011,81,8.9
The Sims 3: World Adventures,November 16,2009,81,7.7
Quadrilateral Cowboy,July 25,2016,81,7.0
Star Wars Pinball VR,April 29,2021,81,tbd
Painkiller,April 12,2004,81,8.1
GRIME,August 2,2021,81,7.8
Starships Unlimited: Divided Galaxies,December 2,2002,81,tbd
Airborne Assault: Highway to the Reich,December 10,2003,81,6.1
Paradise Killer,September 4,2020,81,8.0
Nancy Drew: Danger on Deception Island,October 1,2003,81,7.8
Shadowrun: Hong Kong,August 20,2015,81,7.8
War Thunder,August 15,2013,81,5.7
Supreme Commander: Forged Alliance,November 6,2007,81,8.9
Sunless Sea,July 1,2014,81,7.5
The Walking Dead: Season Two Episode 3 - In Harm's Way,May 13,2014,81,8.2
Marvel Heroes 2015,June 4,2014,81,8.2
Football Manager 2016,November 13,2015,81,7.1
Life is Strange: True Colors,September 10,2021,81,6.6
VVVVVV,January 11,2010,81,7.9
Crusader Kings II: The Republic,January 14,2013,81,8.4
The Sims 4: Seasons,June 22,2018,81,6.3
The Sims 4: Discover University,December 17,2019,81,4.6
Wolfenstein: The New Order,May 19,2014,81,8.2
Remnant: From the Ashes - Swamps of Corsus,April 28,2020,81,6.6
Nancy Drew: The Haunting of Castle Malloy,October 16,2008,81,7.4
Downwell,October 15,2015,81,6.7
Lone Survivor,April 23,2012,81,7.4
Star Wars Jedi: Fallen Order,November 15,2019,81,7.9
Alien: Isolation,October 6,2014,81,8.5
Rising Storm 2: Vietnam,May 30,2017,81,7.5
The Witcher,October 30,2007,81,8.7
Kentucky Route Zero - Act I,January 7,2013,81,7.5
Ghostrunner,October 27,2020,81,8.3
The Elder Scrolls Online: Dragonhold,October 21,2019,81,4.6
Irony Curtain: From Matryoshka with Love,May 16,2019,81,7.9
Frog Detective 2: The Case of the Invisible Wizard,December 9,2019,81,8.2
Unruly Heroes,January 23,2019,81,6.3
Stygian: Reign of the Old Ones,September 26,2019,81,8.0
MORDHAU,April 29,2019,81,7.8
Faeria,March 8,2017,81,7.8
Jade Empire: Special Edition,February 26,2007,81,8.1
Ashen,December 6,2018,81,5.9
Arizona Sunshine,December 5,2016,81,7.2
SWAT 3: Elite Edition,October 6,2000,81,8.0
Asheron's Call,October 31,1999,81,8.5
Unravel,February 9,2016,81,7.6
Midnight Club II,June 30,2003,81,7.8
Chessmaster 10th Edition,August 12,2004,81,7.5
Under Night In-Birth Exe:Late,July 12,2016,81,8.0
ElecHead,October 14,2021,81,tbd
RACE: The WTCC Game,November 24,2006,81,7.5
Kalimba,April 22,2015,81,7.2
The Pedestrian,January 29,2020,81,7.6
Age of Empires III,October 18,2005,81,7.8
Tales of Monkey Island Chapter 5: Rise of the Pirate God,December 8,2009,81,7.6
Fortnite,July 25,2017,81,3.0
Castlevania: Lords of Shadow - Ultimate Edition,August 27,2013,81,7.5
Strong Bad's Cool Game for Attractive People Episode 2: Strong Badia the Free,September 15,2008,81,7.2
Darksiders II,August 13,2012,81,7.9
The Sims 4: Cottage Living,July 22,2021,81,5.3
Suzerain,December 4,2020,81,7.9
The Cat Lady,December 7,2012,81,8.7
The Elder Scrolls V: Skyrim VR,April 2,2018,81,6.7
Vessel,March 1,2012,81,7.8
Metro 2033,March 16,2010,81,8.0
Distant Worlds: Universe,May 23,2014,81,8.0
Ashes of the Singularity: Escalation,November 10,2016,81,7.7
SteamWorld Heist,June 7,2016,81,7.8
OutRun 2006: Coast 2 Coast,June 27,2006,81,7.7
Blur,May 25,2010,81,7.4
Arcanum: Of Steamworks and Magick Obscura,August 22,2001,81,8.6
Chessmaster 9000,August 31,2002,81,7.6
NASCAR Heat,September 27,2000,81,7.7
Empires: Dawn of the Modern World,October 21,2003,81,8.0
Gothic,November 23,2001,81,8.8
PlanetSide,May 20,2003,81,7.3
Company of Heroes 2: Ardennes Assault,November 17,2014,81,6.3
The Walking Dead: Season Two Episode 2 - A House Divided,March 4,2014,81,8.5
Tales From The Borderlands: Episode 3 - Catch A Ride,June 23,2015,81,8.2
Kingdoms of Amalur: Reckoning,February 7,2012,81,6.7
Finding Paradise,December 14,2017,81,8.5
Boomerang X,July 8,2021,81,7.3
Sam & Max: The Devil's Playhouse - Episode 1: The Penal Zone,April 15,2010,81,7.8
Stormland,November 14,2019,81,7.6
The Walking Dead: The Telltale Series - A New Frontier Episode 1: Ties That Bind Part One,December 20,2016,81,7.1
Borderlands,October 26,2009,81,7.6
DG2: Defense Grid 2,September 23,2014,81,6.7
Napoleon: Total War,February 23,2010,81,7.9
Overlord,June 26,2007,81,8.1
Firewatch,February 9,2016,81,7.1
Stronghold,October 21,2001,81,8.9
Labyrinth City: Pierre the Maze Detective,June 22,2021,81,tbd
Emily is Away Too,May 26,2017,81,7.9
King Arthur's Gold,September 4,2011,81,8.3
Victoria II: Heart of Darkness,April 16,2013,81,8.7
Hunt: Showdown,August 27,2019,81,7.2
The Elder Scrolls IV: Knights of the Nine,November 21,2006,81,7.3
Silicon Dreams,April 20,2021,81,tbd
Reigns: Her Majesty,December 6,2017,81,7.1
Waveform,March 20,2012,81,7.2
Little Nightmares,April 28,2017,81,8.0
The Hex,October 16,2018,81,8.4
Red Orchestra: Ostfront 41-45,March 14,2006,81,8.6
The Legend of Heroes: Trails of Cold Steel II,February 14,2018,81,8.5
Zombie Night Terror,July 20,2016,81,7.9
Overboard!,June 2,2021,81,tbd
Moss,June 7,2018,81,8.9
Age of Empires IV,October 28,2021,81,7.9
CHUCHEL,March 7,2018,81,6.7
Strong Bad's Cool Game for Attractive People Episode 4: Dangeresque 3: The Criminal Projective,November 17,2008,81,7.8
Rochard,November 15,2011,81,7.8
Fallout 3: Broken Steel,May 5,2009,81,7.3
Borderlands 3,September 13,2019,81,5.3
Tiger Woods PGA Tour 06,September 20,2005,81,7.5
The Walking Dead: Saints & Sinners,January 23,2020,81,8.0
RollerCoaster Tycoon 3,October 26,2004,81,5.4
Dragon's Dogma: Dark Arisen,January 15,2016,81,8.1
AaaaaAAaaaAAAaaAAAAaAAAAA!!!: A Reckless Disregard for Gravity,September 3,2009,81,7.1
Overcooked! 2,August 7,2018,81,7.7
Guild Wars 2: Heart of Thorns,October 23,2015,81,7.3
The Sims 2 University,February 28,2005,81,7.8
Far Cry 3: Blood Dragon,May 1,2013,81,8.1
FORM,June 1,2017,81,tbd
Ni no Kuni II: Revenant Kingdom,March 23,2018,81,7.0
Sid Meier's Civilization: Beyond Earth,October 23,2014,81,5.5
Pro Evolution Soccer 2018,September 12,2017,81,7.1
Vietnam '65,March 5,2015,81,6.8
Wizorb,November 7,2011,81,5.7
Halo: Reach Remastered,December 3,2019,81,7.3
Audioshield,April 5,2016,81,6.0
PixelJunk Eden,February 2,2012,81,6.7
Dangerous High School Girls in Trouble,May 14,2008,81,5.7
Doctor Who: The Lonely Assassins,March 18,2021,81,tbd
Disgaea 2 PC,January 30,2017,81,8.5
The Bug Butcher,January 19,2016,81,7.4
Visage,October 29,2020,81,6.2
EverQuest: The Planes of Power,October 28,2002,81,7.0
Bullet Soul: Infinite Burst,July 31,2017,81,tbd
Disney's Toontown Online,October 6,2005,81,7.6
Combat Mission 3: Afrika Korps,December 3,2003,81,7.6
Flanker 2.0,September 30,1999,81,tbd
Rails Across America,September 18,2001,81,7.0
Wasteland 2,September 18,2014,81,7.2
Anno 1800,April 16,2019,81,7.9
Jamestown: Legend of the Lost Colony,June 8,2011,81,7.4
Call of Duty: Black Ops,November 9,2010,81,5.7
Call of Duty: Modern Warfare,October 25,2019,81,2.6
Kohan II: Kings of War,September 22,2004,81,8.4
Darkest Hour: A Hearts of Iron Game,April 5,2011,81,8.0
Galactic Civilizations III,March 27,2014,81,6.9
The Age of Decadence,October 15,2015,81,7.9
Stories Untold,February 27,2017,81,7.0
Planet Zoo,November 5,2019,81,7.9
Nelly Cootalot: The Fowl Fleet,March 22,2016,81,7.7
Ynglet,June 5,2021,81,tbd
Slime Rancher,August 1,2017,81,8.0
Order of Battle: Pacific,April 30,2015,81,5.7
Nancy Drew: Curse of Blackmoor Manor,October 5,2004,81,8.0
Star Trek: Deep Space Nine: The Fallen,November 15,2000,81,7.7
Empire Earth,November 12,2001,81,8.4
Sam & Max Episode 101: Culture Shock,October 18,2006,81,7.7
Overcooked!,August 3,2016,81,7.8
Mirror's Edge,January 12,2009,81,8.0
TrackMania 2 Canyon,September 14,2011,81,7.6
Phantom Brave PC,July 25,2016,81,8.2
Motorsport Manager,November 9,2016,81,8.1
The Pathless,November 12,2020,81,7.6
Battlefield V,November 15,2018,81,2.9
My Friend Pedro,June 20,2019,81,8.0
South Park: The Fractured But Whole,October 17,2017,81,6.9
Necrobarista,July 22,2020,81,6.2
Star Wars Jedi Knight: Jedi Academy,September 17,2003,81,8.6
FIFA 18,September 26,2017,81,2.9
Mortal Kombat Komplete Edition,July 3,2013,81,8.7
Shadowrun: Dragonfall,February 27,2014,81,8.3
Yooka-Laylee and the Impossible Lair,October 8,2019,81,6.2
Eets,March 29,2006,81,6.2
A Plague Tale: Innocence,May 13,2019,81,8.5
World of Warships,September 17,2015,81,6.0
TOCA Race Driver 2: The Ultimate Racing Simulator,April 13,2004,81,7.7
Aztez,August 1,2017,81,5.4
Fights in Tight Spaces,December 2,2021,81,tbd
Wargame: European Escalation,February 22,2012,81,8.1
Dishonored: Death of the Outsider,September 14,2017,81,7.0
Dungeon Defenders,October 18,2011,81,7.3
Trine 4: The Nightmare Prince,October 8,2019,81,8.0
Combat Mission: Battle for Normandy,May 17,2011,81,5.3
GoNNER,October 12,2016,81,6.7
Maldita Castilla EX: Cursed Castilla,October 20,2016,81,7.2
Age of Wonders: Planetfall,August 6,2019,81,7.6
Katamari Damacy REROLL,December 6,2018,81,7.9
Atlas Reactor,October 4,2016,81,7.5
Horace,July 18,2019,81,7.3
Antihero,July 10,2017,81,7.0
Critical Mass,June 20,2011,81,6.5
Void Bastards,May 28,2019,81,7.4
Redout (2016),September 2,2016,81,7.9
LEGO Batman 2: DC Super Heroes,June 19,2012,81,7.7
Sam & Max: The Devil's Playhouse - Episode 5: The City That Dares Not Sleep,August 30,2010,81,7.7
Age of Empires III: The Asian Dynasties,October 23,2007,81,8.4
Defense Grid: The Awakening,December 8,2008,81,8.6
Codename: Panzers, Phase One,September 30,2004,81,8.6
World War Z: Aftermath,September 21,2021,81,5.8
Europa Universalis IV: Conquest of Paradise,January 14,2014,81,7.7
Ghost Master,August 26,2003,81,7.9
FIFA 19,September 20,2018,81,2.0
Darkest Dungeon: The Color of Madness,June 19,2018,81,7.1
MotoGP 20,April 23,2020,81,6.7
Divine Divinity,September 22,2002,81,8.4
FIFA 16,September 22,2015,81,4.6
The Book of Unwritten Tales 2,February 20,2015,80,7.6
Gears Tactics,April 28,2020,80,7.6
Phoenix Wright: Ace Attorney Trilogy,April 9,2019,80,8.8
Dark Deity,June 15,2021,80,4.9
Old World,July 1,2021,80,7.3
Lovers in a Dangerous Spacetime,September 9,2015,80,7.7
The Last Campfire,August 27,2020,80,8.4
Age of Conan: Hyborian Adventures,May 20,2008,80,7.3
Company of Heroes 2: The Western Front Armies,June 23,2014,80,6.9
Hover Junkers,April 5,2016,80,6.6
Sid Meier's Civilization V: Gods & Kings,June 18,2012,80,7.7
The Elder Scrolls Online: Elsweyr,May 20,2019,80,8.0
The Elder Scrolls: Legends,March 20,2017,80,5.5
Age of Empires III: The WarChiefs,October 17,2006,80,7.8
Sleeping Dogs,August 13,2012,80,8.2
Bowl Bound College Football,January 9,2006,80,6.3
Youropa,June 27,2018,80,7.8
Endless Space 2,May 19,2017,80,7.9
Metal Gear Solid V: Ground Zeroes,December 18,2014,80,7.6
Leap of Fate,March 30,2016,80,7.1
Tom Clancy's Ghost Recon,November 13,2001,80,7.6
Syberia II,March 30,2004,80,8.4
The Elder Scrolls Online: Tamriel Unlimited,March 17,2015,80,8.5
Conquest: Frontier Wars,August 14,2001,80,8.1
Dyad,April 24,2013,80,7.6
Trials Fusion,April 16,2014,80,6.9
Crusader Kings II: Charlemagne,October 14,2014,80,6.8
Detroit: Become Human,December 12,2019,80,7.7
Gabriel Knight 3: Blood of the Sacred, Blood of the Damned,October 5,1999,80,8.3
Tyranny,November 10,2016,80,7.8
Skul: The Hero Slayer,January 21,2021,80,6.4
Exo One,November 18,2021,80,7.5
Football Manager 2017,November 4,2016,80,5.4
SoulCalibur VI,October 18,2018,80,5.2
SpellForce 3: Soul Harvest,May 28,2019,80,8.4
Anomaly: Warzone Earth,April 8,2011,80,7.3
Mutazione,September 19,2019,80,7.5
Westerado: Double Barreled,April 16,2015,80,7.7
Volume,August 18,2015,80,7.3
GRID 2,May 27,2013,80,5.8
The Evil Within 2,October 12,2017,80,8.8
Amnesia: Rebirth,October 20,2020,80,6.4
The Banner Saga,January 14,2014,80,8.0
Sam & Max Episode 202: Moai Better Blues,January 10,2008,80,7.0
1001 Spikes,June 3,2014,80,6.7
Intrusion 2,June 20,2012,80,6.9
Detective Di: The Silk Rose Murders,May 1,2019,80,8.0
UnMetal,September 28,2021,80,8.1
Age of Wonders III - Eternal Lords,April 14,2015,80,8.5
Pro Evolution Soccer 2013,September 25,2012,80,7.1
LEGO Harry Potter: Years 5-7,November 18,2011,80,8.2
Osmos,August 18,2009,80,7.6
Hand of Fate 2,November 7,2017,80,7.5
Dungeon Siege II,August 16,2005,80,7.8
Dead Island,September 5,2011,80,6.9
Sam & Max Episode 104: Abe Lincoln Must Die!,February 22,2007,80,7.4
The Sims: Makin' Magic,October 28,2003,80,7.8
Deus Ex: Invisible War,December 2,2003,80,6.4
Flinthook,April 18,2017,80,7.0
Monster Prom 2: Monster Camp,October 23,2020,80,7.2
Tom Clancy's Splinter Cell: Double Agent,November 7,2006,80,5.9
Medal of Honor: Pacific Assault,November 4,2004,80,7.1
Gwent: The Witcher Card Game,October 23,2018,80,7.2
Guns, Gore & Cannoli 2,March 2,2018,80,7.6
Battle Brothers,March 24,2017,80,7.9
Move or Die,January 21,2016,80,7.7
Madden NFL 07,August 22,2006,80,7.3
Grandia II Anniversary Edition,August 24,2015,80,7.9
Assassin's Creed III,November 20,2012,80,6.4
Dariusburst: Chronicle Saviours,December 3,2015,80,8.6
Outlast,September 4,2013,80,8.3
The Chronicles of Riddick: Assault on Dark Athena,April 7,2009,80,7.8
Hearts of Iron II: Doomsday,April 7,2006,80,8.4
Dishonored: The Brigmore Witches,August 13,2013,80,8.7
Oxenfree,January 14,2016,80,7.7
Codename: Panzers, Phase Two,July 25,2005,80,7.6
Full Spectrum Warrior,September 21,2004,80,6.9
NBA Live 2003,November 14,2002,80,7.8
Freedom Fighters,October 1,2003,80,7.8
AI War: Fleet Command,May 14,2009,80,7.9
Age of Rifles,August 31,1996,80,6.3
The Elder Scrolls III: Tribunal,November 6,2002,80,8.0
Elite: Dangerous,December 16,2014,80,6.7
Pure,September 16,2008,80,7.0
The Walking Dead: The Telltale Series - A New Frontier Episode 2: Ties That Bind Part Two,December 20,2016,80,7.1
The Gardens Between,September 19,2018,80,6.9
Impostor Factory,September 30,2021,80,8.5
Goodbye Deponia,October 17,2013,80,7.9
Sid Meier's Civilization VI: Gathering Storm,February 14,2019,80,6.7
Guacamelee! Super Turbo Championship Edition,August 21,2014,80,7.3
2064: Read Only Memories,October 5,2015,80,4.3
SWAT 4: The Stetchkov Syndicate,February 28,2006,80,8.0
Dropsy,September 10,2015,80,7.5
Company of Heroes 2: The British Forces,September 2,2015,80,6.3
Darkwood,July 17,2017,80,8.2
Ground Control II: Operation Exodus,June 23,2004,80,8.1
Bloodstained: Curse of the Moon 2,July 10,2020,80,8.0
NBA Live 2004,November 11,2003,80,8.8
Tomb Raider: Underworld,November 18,2008,80,7.7
Brutal Legend,February 26,2013,80,7.7
Titan Quest: Immortal Throne,March 5,2007,80,8.4
X-Men Legends II: Rise of Apocalypse,September 20,2005,80,8.1
La-Mulana (Remake),July 13,2012,80,7.1
Life is Strange 2: Episode 1 - Roads,September 27,2018,80,5.8
SpellForce 2: Shadow Wars,May 5,2006,80,7.7
Fritz 8 Deluxe,December 1,2004,80,6.7
Trine,July 2,2009,80,8.1
Hoyle Majestic Chess,August 14,2003,80,7.2
Dishonored: The Knife of Dunwall,April 16,2013,80,8.3
Company of Heroes 2,June 25,2013,80,2.2
Natural Selection 2,October 30,2012,80,8.5
The Sims 3: Into the Future,October 22,2013,80,5.6
Dandy Ace,March 25,2021,80,8.3
The Jackbox Party Pack 6,October 17,2019,80,8.3
Odallus: The Dark Call,July 15,2015,80,8.5
Borderlands 2: Captain Scarlett and Her Pirate's Booty,October 16,2012,80,7.3
Wintermoor Tactics Club,May 5,2020,80,5.0
Hero-U: Rogue to Redemption,July 10,2018,80,8.6
American Truck Simulator: New Mexico,November 9,2017,80,8.7
Rampage Knights,March 27,2015,80,8.5
The Journey Down: Chapter Three,September 21,2017,80,6.8
Total War: Three Kingdoms - The Furious Wild,September 3,2020,80,8.5
Danganronpa V3: Killing Harmony,September 25,2017,80,7.4
BioShock: The Collection,September 16,2016,80,7.5
Nimbus,October 25,2010,80,7.9
Mekazoo,November 14,2016,80,7.3
Battle Chef Brigade,November 20,2017,80,7.0
Mega Man Zero / ZX Legacy Collection,February 25,2020,80,7.9
FATE,May 18,2005,80,7.7
Mushroom Wars,April 7,2016,80,7.2
Asheron's Call Dark Majesty,November 4,2001,80,7.6
Samorost 3,March 24,2016,80,7.8
KARDS,April 15,2020,80,7.3
Circa Infinity,September 9,2015,80,8.6
Super Magbot,June 22,2021,80,tbd
ATOM RPG Trudograd,September 13,2021,80,8.7
The Legend of Heroes: Trails of Cold Steel,August 2,2017,80,8.2
Seraph,September 20,2016,80,6.8
2002 FIFA World Cup,April 30,2002,80,7.5
Nelly Cootalot: Spoonbeaks Ahoy! HD,May 22,2019,80,tbd
The Elder Scrolls: Legends - Heroes of Skyrim,June 29,2017,80,4.0
Crusader Kings II: Rajas of India,March 25,2014,80,7.2
Valorant,June 2,2020,80,4.9
Dragonshard,October 2,2005,80,7.6
Northgard,March 7,2018,80,7.7
Icewind Dale: Enhanced Edition,October 30,2014,80,7.4
Fall Guys: Ultimate Knockout,August 4,2020,80,7.2
Far Cry 4,November 17,2014,80,6.9
Day of Defeat: Source,September 26,2005,80,9.0
Super Time Force Ultra,August 25,2014,80,6.5
Battlefield 2142,October 17,2006,80,6.8
The Artful Escape,September 9,2021,80,6.1
Fantasy General II: Invasion,September 5,2019,80,7.2
World of Tanks,April 12,2011,80,3.4
Vampire: The Masquerade - Bloodlines,November 16,2004,80,8.9
OneShot,December 8,2016,80,8.8
Warhammer 40,000: Dawn of War II - Retribution,February 28,2011,80,7.7
The Red Strings Club,January 22,2018,80,7.5
Madden NFL 19,August 7,2018,80,2.1
Penarium,September 22,2015,80,7.2
Ghost 1.0,June 7,2016,80,7.4
Bury Me, My Love,January 10,2019,80,3.1
Yakuza Kiwami,February 19,2019,80,7.9
Panzer Corps,July 11,2011,80,7.6
Final Fantasy Pixel Remaster,July 28,2021,80,5.7
Lonely Mountains: Downhill,October 23,2019,80,8.0
Tooth and Tail,September 12,2017,80,7.8
Men of War,March 16,2009,80,8.0
Fallen Enchantress: Legendary Heroes,May 22,2013,80,7.7
Time Commando,July 31,1996,80,8.3
The Walking Dead: Episode 4 - Around Every Corner,October 10,2012,80,8.5
Interstate '76,February 28,1997,80,8.4
Penny Arcade Adventures: Episode Two,November 7,2008,80,7.4
Tales of Monkey Island Chapter 4: The Trial and Execution of Guybrush Threepwood,October 30,2009,80,7.5
Octopath Traveler,June 7,2019,80,6.5
Cryptark,June 20,2017,80,6.8
Sins of a Solar Empire: Entrenchment,February 25,2009,80,7.3
The Sims 4: Cats & Dogs,November 10,2017,80,5.1
F1 2012,September 17,2012,80,7.3
Dreamscaper,August 5,2021,80,7.4
Nidhogg 2,August 15,2017,80,6.5
Knockout City,May 21,2021,80,6.4
Luftrausers,March 18,2014,80,7.0
Super Mega Baseball 3,May 13,2020,80,7.7
Naruto Shippuden: Ultimate Ninja Storm 3 Full Burst,October 24,2013,80,8.1
Stealth Bastard Deluxe,November 28,2012,80,7.7
Tom Clancy's Ghost Recon Advanced Warfighter,May 3,2006,80,7.6
LEGO Batman: The Videogame,September 23,2008,80,7.9
Catherine Classic,January 10,2019,80,8.1
Stacking,March 6,2012,80,7.6
Age of Wonders III,March 31,2014,80,8.0
Life is Strange: Episode 3 - Chaos Theory,May 19,2015,80,8.7
Assassin's Creed: Revelations,November 29,2011,80,7.5
Shantae and the Seven Sirens,May 28,2020,80,6.3
The Legend of Heroes: Trails in the Sky SC,October 29,2015,80,8.7
NBA 2K9,October 20,2008,80,8.4
The Sims 4: Dream Home Decorator,June 1,2021,80,tbd
Dragon Quest XI: Echoes of an Elusive Age,September 4,2018,80,8.7
Proteus,January 30,2013,80,5.6
Candle,November 11,2016,80,7.7
Life is Strange: Before the Storm - Episode 1: Awake,August 31,2017,80,7.5
Soldier of Fortune II: Double Helix,May 20,2002,80,7.2
Robin Hood: The Legend of Sherwood,November 14,2002,80,8.5
Diablo II: Resurrected,September 23,2021,80,2.9
RollerCoaster Tycoon: Loopy Landscapes,September 30,2000,80,8.7
Dicey Dungeons,August 13,2019,80,8.2
1979 Revolution: Black Friday,April 4,2016,80,7.5
Toki Tori,January 28,2010,80,7.6
Ys Seven,August 30,2017,80,7.6
RoboBlitz,November 7,2006,80,7.7
Wargame: AirLand Battle,May 29,2013,80,8.1
The Blackwell Legacy,December 29,2006,80,7.7
NieR Replicant ver.1.22474487139...,April 23,2021,80,7.5
LEGO The Lord of the Rings,November 13,2012,80,8.0
Pro Evolution Soccer 2019,August 28,2018,80,6.3
Golf Club: Wasteland,September 3,2021,80,6.2
WRC 9 FIA World Rally Championship,September 3,2020,80,5.9
Cities: Skylines - Natural Disasters,November 29,2016,80,6.1
Football Manager 2015,November 7,2014,80,6.2
The Suffering,June 8,2004,80,8.0
TrackMania United,November 17,2006,80,8.8
Gish,September 17,2004,80,7.0
Axiom Verge,May 14,2015,80,7.7
Driver: San Francisco,September 27,2011,80,7.3
The Corporate Machine,July 14,2001,80,6.8
Dungeons & Dragons: Chronicles of Mystara,June 18,2013,80,6.9
When Ski Lifts Go Wrong,January 23,2019,80,5.7
MechCommander 2,July 18,2001,80,7.8
FAR: Lone Sails,May 17,2018,80,7.9
Disciples II: Rise of the Elves,November 25,2003,80,8.2
Chessmaster 8000,November 14,2000,80,6.7
Monster Sanctuary,December 8,2020,80,8.1
Circle of Blood,September 30,1996,80,8.3
Virgo Vs The Zodiac,December 12,2019,80,tbd
Waterloo: Napoleon's Last Battle,March 25,2001,80,7.5
Unforeseen Incidents,May 24,2018,80,7.3
Tales of Vesperia: Definitive Edition,January 10,2019,80,8.1
BioShock Infinite: Burial at Sea - Episode Two,March 25,2014,80,8.5
Essays on Empathy,May 18,2021,80,tbd
S.T.A.L.K.E.R.: Call of Pripyat,February 2,2010,80,8.7
Noitu Love 2: Devolution,April 18,2008,80,8.5
LEGO City Undercover,April 4,2017,80,8.3
The Wizards,March 8,2018,80,7.5
FLY'N,November 9,2012,80,7.7
The Walking Dead: Season Two - A Telltale Games Series,December 17,2013,80,8.3
Trover Saves the Universe,June 4,2019,80,7.9
Total War: Attila,February 17,2015,80,7.4
Front Office Football 2004,November 13,2003,80,6.6
The Wolf Among Us,October 11,2013,80,8.8
Tails of Iron,September 17,2021,80,8.4
Nancy Drew: Secret of the Old Clock,July 26,2005,80,7.5
Total War: Three Kingdoms - Mandate of Heaven,January 16,2020,80,6.8
Call of Duty: Warzone,March 10,2020,80,3.4
ArcheAge,September 16,2014,80,3.7
The Sims 4: Snowy Escape,November 13,2020,80,5.1
CAPSIZED,April 29,2011,80,7.1
Railroad Tycoon 3,October 23,2003,80,7.7
140,October 16,2013,80,7.4
Monster Energy Supercross - The Official Videogame 2,February 8,2019,80,6.2
Myst V: End of Ages,September 19,2005,80,7.6
Total War: Three Kingdoms - A World Betrayed,March 19,2020,80,6.1
Hostile Waters: Antaeus Rising,June 13,2001,80,7.7
ZEN Pinball 2: The Walking Dead,August 26,2014,80,4.1
Tales of Berseria,January 26,2017,80,6.5
JYDGE,October 4,2017,80,tbd
Tricky Towers,August 2,2016,80,6.8
Kingsway,July 18,2017,80,6.5
Autonauts,October 17,2019,80,8.0
Microsoft Flight Simulator X,October 17,2006,80,7.3
Runes of Magic Chapter II: The Elven Prophecy,September 15,2009,80,6.9
Card Hunter,July 13,2015,80,7.6
Dustforce,January 17,2012,79,7.5
Empire Earth II,April 26,2005,79,7.2
Hitman: Absolution,November 19,2012,79,7.2
Fallout 3: Point Lookout,June 23,2009,79,7.6
Fractured Space,September 22,2016,79,7.6
Test Drive Unlimited,March 20,2007,79,8.1
Scarlet Nexus,June 25,2021,79,7.6
The Magic Circle,July 9,2015,79,8.0
DOOM Eternal: The Ancient Gods Part One,October 20,2020,79,8.0
The Path,March 18,2009,79,6.7
Dungeon of the Endless,October 27,2014,79,7.9
Revenge of the Titans,May 24,2010,79,7.6
F.I.S.T.: Forged In Shadow Torch,October 3,2021,79,6.8
Wanderlust Travel Stories,September 26,2019,79,8.0
F1 2001,October 2,2001,79,7.1
Bookworm Adventures: Volume 2,July 30,2009,79,7.0
Hearthstone: Heroes of Warcraft - Kobolds & Catacombs,December 7,2017,79,2.7
art of rally,September 23,2020,79,6.7
Star Wars: Squadrons,October 1,2020,79,5.9
Brothers in Arms: Hell's Highway,October 7,2008,79,7.7
Space Invaders Extreme,February 12,2018,79,tbd
World of Warcraft Classic: Burning Crusade Classic,June 1,2021,79,0.5
Star Wars: Empire at War,February 15,2006,79,8.3
Europa Universalis: Rome - Vae Victis,November 19,2008,79,8.5
Silent Hunter: Wolves of the Pacific,March 20,2007,79,7.1
Out of the Park Baseball 12,June 23,2011,79,8.0
LEGO Builder's Journey,June 22,2021,79,7.1
For the King,April 19,2018,79,7.1
HADR,October 6,2020,79,tbd
1701 A.D.,November 6,2006,79,7.8
STASIS,August 31,2015,79,7.5
Pro Evolution Soccer 2009,November 12,2008,79,7.5
Return to Mysterious Island,November 2,2004,79,7.7
Euro Truck Simulator 2,January 16,2013,79,8.7
Pac-Man: Adventures in Time,October 31,2000,79,8.5
A Tale in the Desert,February 15,2003,79,8.3
Rowan's Battle of Britain,January 31,2001,79,tbd
Kohan: Ahriman's Gift,November 5,2001,79,8.5
Emperor: Battle for Dune,June 12,2001,79,8.2
Time Loader,November 3,2021,79,6.8
Splasher,February 7,2017,79,6.8
Depths of Peril,September 6,2007,79,7.7
Cart Life,July 29,2010,79,5.8
Late Shift,April 18,2017,79,6.5
Cities: Skylines - Industries,October 23,2018,79,7.4
Sword of the Stars: Born of Blood,June 5,2007,79,7.7
Worms Reloaded,August 26,2010,79,6.9
Immortals Fenyx Rising,December 3,2020,79,7.6
Warhammer: End Times - Vermintide,October 23,2015,79,7.7
Tropico 3,October 20,2009,79,8.1
Injustice: Gods Among Us - Ultimate Edition,November 12,2013,79,7.7
The Exorcist: Legion VR,November 22,2017,79,tbd
Bad Dream: Coma,March 9,2017,79,7.6
Bear With Me: Episode Three,October 5,2017,79,7.1
Weird Worlds: Return to Infinite Space,November 4,2005,79,7.0
Wilson's Heart,April 21,2017,79,7.9
Else Heart.Break(),September 24,2015,79,7.2
Runaway: A Twist of Fate,April 21,2011,79,7.9
Cities: Skylines - After Dark,September 24,2015,79,7.7
Tales of Monkey Island Chapter 1: Launch of the Screaming Narwhal,July 7,2009,79,7.8
Jotun,September 29,2015,79,7.1
Bloodline Champions,January 13,2011,79,7.7
Super House of Dead Ninjas,February 18,2013,79,8.3
Ragnarok Online,August 31,2002,79,8.2
Grow: Song of the Evertree,November 16,2021,79,tbd
The Sims: Superstar,May 12,2003,79,7.6
Pirates Outlaws,April 13,2020,79,8.2
Minit,April 3,2018,79,6.5
NBA Live 2005,October 26,2004,79,8.3
Dark Souls II: Scholar of the First Sin,April 1,2015,79,7.5
Payday 2,August 13,2013,79,3.8
Offspring Fling,April 3,2012,79,6.9
Transpose,November 6,2018,79,tbd
Valiant Hearts: The Great War,June 25,2014,79,8.6
Earth Defense Force 4.1: The Shadow of New Despair,July 18,2016,79,8.3
Song in the Smoke,September 18,2021,79,tbd
Dungeons of Dredmor,July 13,2011,79,7.6
Gloomhaven,October 20,2021,79,8.1
Geometry Wars 3: Dimensions,November 25,2014,79,6.1
Assassin's Creed: Director's Cut Edition,April 8,2008,79,7.4
Street Fighter: 30th Anniversary Collection,May 29,2018,79,7.6
Puzzle Dimension,June 21,2010,79,7.4
EverQuest: Dragons of Norrath,February 14,2005,79,tbd
Split/Second,May 18,2010,79,7.9
La-Mulana 2,July 30,2018,79,7.7
Archangel: Hellfire,July 17,2018,79,8.4
A Hat in Time,October 5,2017,79,8.7
Sang-Froid: Tales of Werewolves,April 5,2013,79,7.7
The Incredible Adventures of Van Helsing: Final Cut,November 6,2015,79,7.1
Ocean's Heart,January 21,2021,79,5.9
TOEM,September 17,2021,79,8.8
Hell Let Loose,July 27,2021,79,6.8
Knights And Bikes,August 26,2019,79,7.4
Call of Juarez: Gunslinger,May 22,2013,79,8.2
Per Aspera,December 3,2020,79,7.0
Rome: Total War Alexander,June 19,2006,79,7.7
Strong Bad's Cool Game for Attractive People Episode 3: Baddest of the Bands,October 27,2008,79,6.6
Ion Fury,August 15,2019,79,7.0
Sam & Max Episode 102: Situation: Comedy,December 20,2006,79,7.4
Sonic & All-Stars Racing Transformed,January 31,2013,79,8.5
Jumpgate: The Reconstruction Initiative,September 23,2001,79,tbd
The Mooseman,February 17,2017,79,7.2
Gato Roboto,May 30,2019,79,7.0
Blazing Chrome,July 11,2019,79,7.4
Space Empires IV,November 7,2000,79,7.7
Dying Light: The Following,February 9,2016,79,8.2
Day of Defeat,May 6,2003,79,9.0
The Longing,March 5,2020,79,7.5
Goetia,April 14,2016,79,7.1
Sam & Max Episode 106: Bright Side of the Moon,April 26,2007,79,6.9
Rumu,December 12,2017,79,6.4
Sins of a Solar Empire: Diplomacy,February 9,2010,79,8.7
Shin Megami Tensei III: Nocturne HD Remaster,May 25,2021,79,7.4
The Awesome Adventures of Captain Spirit,June 25,2018,79,7.4
Fallout 4: Far Harbor,May 19,2016,79,6.7
Tropico 3: Absolute Power,May 17,2010,79,7.9
Tom Clancy's The Division,March 8,2016,79,6.0
Resident Evil 4: Ultimate HD Edition,February 27,2014,79,8.4
Sam & Max Episode 203: Night of the Raving Dead,February 12,2008,79,7.2
FlatOut: Ultimate Carnage,August 26,2008,79,7.8
Murder by Numbers,March 6,2020,79,7.2
King Arthur: The Role-Playing Wargame,November 24,2009,79,7.8
Kelvin and the Infamous Machine,July 21,2016,79,7.4
Happy Game,October 28,2021,79,8.0
Guitar Hero III: Legends of Rock,November 13,2007,79,7.5
Sid Meier's Civilization: Beyond Earth - Rising Tide,October 9,2015,79,6.1
The Vale: Shadow of the Crown,August 19,2021,79,6.8
Memoria (2013),August 29,2013,79,8.1
The Last Door,May 20,2014,79,7.7
Shadowgrounds Survivor,November 14,2007,79,7.5
Cat Quest,August 8,2017,79,7.6
Title Bout Championship Boxing,December 8,2003,79,7.5
Port Royale,June 4,2003,79,7.4
Deadly Dozen: Pacific Theater,October 31,2002,79,7.0
The Inner World: The Last Wind Monk,October 20,2017,79,6.3
Gothic II,October 28,2003,79,9.0
Close Combat: Invasion: Normandy,October 10,2000,79,7.6
Shattered Galaxy,August 21,2001,79,7.3
Mega Man 11,October 2,2018,79,8.7
King's Bounty: The Legend,September 23,2008,79,8.7
RAGE,October 3,2011,79,5.3
The Misadventures of P.B. Winterbottom,April 20,2010,79,7.8
Rusty Hearts,September 20,2011,79,6.9
Waking Mars,December 4,2012,79,7.7
Uru: Ages Beyond Myst,November 11,2003,79,7.1
Pillars of Eternity: The White March - Part 2,February 16,2016,79,7.5
Guild Wars: Eye of the North,August 28,2007,79,8.5
Semblance,July 24,2018,79,6.0
Batman: The Enemy Within - The Telltale Series,August 8,2017,79,7.3
Mafia: Definitive Edition,September 24,2020,79,6.8
Trackmania Turbo,March 24,2016,79,7.0
Tales From The Borderlands: Episode 4 - Escape Plan Bravo,August 18,2015,79,8.2
The Sims: Unleashed,September 23,2002,79,7.7
Final Fantasy III Pixel Remaster,July 28,2021,79,4.6
EverQuest: Lost Dungeons of Norrath,September 8,2003,79,7.0
Battlefield 1942: Secret Weapons of WWII,September 4,2003,79,7.9
BADLAND: Game of the Year Edition,May 26,2015,79,7.3
AVICII Invector,December 10,2019,79,7.8
Life is Strange 2: Episode 2 - Rules,January 24,2019,79,5.1
Race the Sun,August 19,2013,79,7.3
Half Minute Hero: The Second Coming,April 4,2014,79,7.0
Hitman - Episode 3: Marrakesh,May 31,2016,79,6.0
The Sims 3: Pets,October 18,2011,79,6.1
Prototype,June 10,2009,79,7.7
Fate/Extella Link,March 19,2019,79,7.9
Fury Unleashed,May 8,2020,79,6.7
Franchise Hockey Manager 2,September 28,2015,79,5.8
Stick it to the Man!,December 13,2013,79,7.3
Alan Wake Remastered,October 5,2021,79,7.7
Wizard of Legend,May 15,2018,79,7.9
Impulsion,July 19,2018,79,tbd
Atelier Lulua: The Scion of Arland,June 4,2019,79,7.1
Trine 2: Goblin Menace,September 6,2012,79,8.0
Zwei: The Ilvard Insurrection,October 31,2017,79,8.2
3 out of 10: Season Two,April 8,2021,79,6.7
Outland,September 29,2014,79,7.2
Street Fighter X Tekken,May 11,2012,79,6.4
Jurassic World Evolution: Return to Jurassic Park,December 10,2019,79,7.4
The Last Show of Mr. Chardish,November 5,2020,79,7.2
Frozen Cortex,February 19,2015,79,6.3
Free Realms,April 29,2009,79,6.7
Anarcute,July 12,2016,79,7.3
Homeworld: Deserts of Kharak,January 20,2016,79,8.0
Don't Starve,April 23,2013,79,8.3
Trainz,February 10,2002,79,7.2
Assault Android Cactus,September 23,2015,79,7.1
Crysis Remastered Trilogy,October 15,2021,79,6.9
Hue,August 30,2016,79,7.7
Observation,May 21,2019,79,7.4
The Life and Suffering of Sir Brante,March 4,2021,79,8.6
Myst,August 26,2021,79,5.5
Wildfire,May 25,2020,79,7.2
Arise: A Simple Story,December 3,2019,79,7.6
Heat Signature,September 21,2017,79,7.2
Tanglewood,August 14,2018,79,8.2
Chivalry: Medieval Warfare,October 16,2012,79,7.7
Overlord II,June 23,2009,79,8.2
Road 96,August 16,2021,79,7.1
Hearthstone: Heroes of Warcraft - Journey to Un'Goro,April 6,2017,79,3.7
Frostpunk: The Last Autumn,January 21,2020,79,8.1
F.E.A.R. 2: Project Origin,February 10,2009,79,7.7
Altitude,December 4,2009,79,8.5
Combat Mission Anthology,July 31,2006,79,6.3
Emergency Fire Response,July 30,2003,79,8.8
Redie,December 1,2016,79,tbd
Cook, Serve, Delicious! 3?!,October 14,2020,79,tbd
Farming Simulator 22,November 22,2021,79,5.8
Untitled Goose Game,September 20,2019,79,6.6
The Metronomicon,September 1,2016,79,7.3
Spellbreak,September 3,2020,79,8.1
The Gallery - Episode 1: Call of the Starseed,April 5,2016,79,7.6
Halo: Combat Evolved Anniversary,March 3,2020,79,7.4
Blizzard Arcade Collection,February 19,2021,79,3.8
Europa Universalis IV: Res Publica,July 16,2014,79,7.1
The Settlers 7: Paths to a Kingdom,March 23,2010,79,5.2
Tom Clancy's Rainbow Six Siege,December 1,2015,79,7.1
RollerCoaster Tycoon 3: Soaked!,June 23,2005,79,4.6
EVERSPACE,May 26,2017,79,7.7
Angry Birds VR: Isle of Pigs,February 7,2019,79,5.1
TrackMania 2 Valley,July 4,2013,79,7.7
Dark Souls II: Crown of the Old Iron King,August 26,2014,79,7.7
State of Decay,November 5,2013,79,6.9
Alba: a Wildlife Adventure,December 11,2020,79,8.2
High Hell,October 23,2017,79,7.2
Tom Clancy's The Division 2: Warlords of New York,March 3,2020,79,0.9
LEGO Harry Potter: Years 1-4,June 25,2010,79,7.7
World of Warcraft: Battle for Azeroth,August 13,2018,79,2.7
Sid Meier's Civilization VI: Rise and Fall,February 8,2018,79,6.4
Nancy Drew: Legend of the Crystal Skull,October 8,2007,79,7.0
Uncommon Valor: Campaign for the South Pacific,December 2,2002,79,7.6
Moving Out,April 28,2020,79,7.4
Global Operations,March 25,2002,79,7.7
Mark Leung: Revenge of the Bitch,December 3,2010,79,4.9
EverQuest II: Desert of Flames,September 12,2005,79,6.9
Rift: Storm Legion,November 13,2012,79,7.7
Madballs in Babo: Invasion,September 17,2009,79,8.7
Druidstone: The Secret of the Menhir Forest,May 15,2019,79,7.2
SimCity 4: Rush Hour,September 22,2003,79,8.4
Crayon Physics Deluxe,January 7,2009,79,7.5
Apex Construct,March 20,2018,79,3.8
iRacing,August 26,2008,79,6.7
Shadow Warrior 2,October 13,2016,78,8.0
Apotheon,February 3,2015,78,7.7
Need for Speed: Most Wanted - A Criterion Game,October 30,2012,78,4.5
Star Wars: Battlefront II,October 31,2005,78,8.6
The Walking Dead: Season Two Episode 1 - All That Remains,December 17,2013,78,8.5
The Journey Down: Chapter Two,August 25,2014,78,7.3
Star Trek: Elite Force II,June 25,2003,78,7.6
Zuma's Revenge!,September 15,2009,78,7.6
BattleTech,April 24,2018,78,7.0
Xanadu Next,November 3,2016,78,7.4
Obliteracers,February 23,2016,78,7.7
Othercide,July 27,2020,78,6.7
Curse of the Dead Gods,February 23,2021,78,7.6
Baldur's Gate: Enhanced Edition,November 28,2012,78,6.7
DOOM 3: Resurrection of Evil,April 4,2005,78,6.9
LEGO Indiana Jones: The Original Adventures,June 3,2008,78,7.8
Deathsmiles,March 10,2016,78,7.6
Distant Worlds,March 25,2010,78,8.2
Descenders,May 7,2019,78,6.6
WarBirds III Fighter Pilot Academy,March 19,2002,78,6.3
NASCAR Thunder 2004,September 16,2003,78,7.5
Lost Ember,November 22,2019,78,7.5
The Sims 4: City Living,November 1,2016,78,5.8
Axiom Verge 2,August 11,2021,78,5.7
Doki Doki Literature Club!,October 6,2017,78,8.5
Fallout 4 VR,December 11,2017,78,5.0
Indivisible,October 8,2019,78,6.4
Transformers: Fall of Cybertron,August 20,2012,78,7.9
Vanquish,May 25,2017,78,8.8
FIFA Soccer 06,October 4,2005,78,6.8
Left 4 Dead: Crash Course,September 29,2009,78,6.8
Stellaris,May 9,2016,78,8.0
The Surge: A Walk in the Park,December 5,2017,78,7.6
BattleTech: Flashpoint,November 27,2018,78,7.2
Total War: Rome II - Rise of the Republic,August 9,2018,78,6.0
Dragon Ball: Xenoverse 2,October 27,2016,78,7.0
Rocksmith,October 16,2012,78,8.1
Earth Defense Force: World Brothers,May 27,2021,78,tbd
Let's Build a Zoo,November 5,2021,78,8.4
Attack on Titan 2,March 14,2018,78,6.8
Adios,March 16,2021,78,4.5
Transcripted,September 11,2012,78,6.1
Total War: WARHAMMER - Norsca Race Pack,August 10,2017,78,7.9
Resident Evil: Revelations 2 - Episode 3: Judgment,March 11,2015,78,7.6
DeadCore,August 13,2013,78,6.8
The Walking Dead: Season Two Episode 5 - No Going Back,August 26,2014,78,8.4
Neverwinter Nights: Shadows of Undrentide,June 17,2003,78,7.7
RoboForge,May 14,2001,78,tbd
Duke Nukem: Manhattan Project,May 17,2002,78,7.8
Dauntless,May 21,2019,78,5.3
Wuppo,September 29,2016,78,8.3
Closure,January 1,2009,78,6.5
The Disney Afternoon Collection,April 18,2017,78,6.1
Dead Rising 2,September 27,2010,78,6.5
Insurgency: Sandstorm,December 12,2018,78,8.2
DRAW CHILLY,November 12,2019,78,tbd
EVERSPACE: Encounters,October 24,2017,78,tbd
Call of Duty: Advanced Warfare,November 3,2014,78,4.7
SUPERHOT: MIND CONTROL DELETE,July 16,2020,78,6.5
Werewolf: The Apocalypse - Heart of the Forest,October 13,2020,78,4.8
Teleglitch: Die More Edition,July 24,2013,78,7.0
Project Warlock,October 18,2018,78,8.4
Zero Escape: Zero Time Dilemma,June 29,2016,78,8.0
LEGO Marvel Super Heroes,October 22,2013,78,8.2
Cthulhu Saves the World,July 13,2011,78,7.2
League of Legends,October 27,2009,78,5.2
Warhammer 40,000: Mechanicus,November 15,2018,78,8.1
Riders Republic,October 28,2021,78,6.5
The Movies: Stunts & Effects,June 6,2006,78,7.3
Observer,August 15,2017,78,7.8
Tropico: Paradise Island,February 3,2002,78,7.5
MechWarrior 4: Black Knight Expansion,October 31,2001,78,7.3
Ace Combat 7: Skies Unknown,January 31,2019,78,7.0
Sairento VR,January 19,2018,78,7.7
Laser League,May 10,2018,78,6.4
Ken Follett's The Pillars of the Earth,August 15,2017,78,7.9
Lost in Random,September 10,2021,78,7.0
SHUT IN,October 30,2020,78,tbd
Tom Clancy's Rainbow Six: Vegas 2,April 15,2008,78,7.4
The Adventure Pals,April 3,2018,78,7.0
The Room VR: A Dark Matter,March 26,2020,78,7.6
Arcade Spirits,February 12,2019,78,5.4
Lone Echo II,October 12,2021,78,8.4
Runner3,May 22,2018,78,6.0
Star Trek Starfleet Command: Orion Pirates,July 1,2001,78,7.5
Battle Chasers: Nightwar,October 3,2017,78,7.4
The Lord of the Rings: The Return of the King,October 31,2003,78,7.7
Puzzle Pirates,December 8,2003,78,8.5
Two Worlds II: Pirates of the Flying Fortress,September 30,2011,78,7.3
Devil May Cry 4,July 8,2008,78,8.5
The Procession to Calvary,April 9,2020,78,8.1
Praetorians,March 10,2003,78,7.9
Sniper Elite 4,February 14,2017,78,7.2
Mutant Year Zero: Road to Eden,December 4,2018,78,7.8
Chaos on Deponia,November 6,2012,78,8.4
That Dragon, Cancer,January 11,2016,78,6.2
Cities: Skylines - Mass Transit,May 18,2017,78,8.5
Running with Rifles,June 13,2012,78,7.2
Midtown Madness 2,September 21,2000,78,8.6
EVERYTHING,April 21,2017,78,5.6
Killer7,November 15,2018,78,8.8
ALTDEUS: Beyond Chronos,December 4,2020,78,8.8
Dead Space 3,February 5,2013,78,6.1
The Missing: JJ Macfield and the Island of Memories,October 11,2018,78,6.4
Hidden Folks,February 15,2017,78,6.1
Pilgrims,October 7,2019,78,7.7
Surviving Mars: Green Planet,May 16,2019,78,4.8
Clan O'Conall and the Crown of the Stag,April 27,2021,78,8.8
Human Resource Machine,October 15,2015,78,7.9
Strider,February 19,2014,78,7.4
OlliOlli,July 22,2014,78,6.6
Blossom Tales: The Sleeping King,March 28,2017,78,7.8
Lydia,June 2,2017,78,7.9
MVP Baseball 2003,March 24,2003,78,7.4
Hitman - Episode 4: Bangkok,August 16,2016,78,6.5
Sunless Sea - Zubmariner,October 11,2016,78,8.6
Life is Strange 2: Episode 3 - Wastelands,May 9,2019,78,6.1
Condemned: Criminal Origins,April 11,2006,78,7.7
From Other Suns,November 14,2017,78,8.5
King's Quest Chapter 3: Once Upon a Climb,April 26,2016,78,5.5
Green Hell,September 5,2019,78,7.9
Mushroom 11,October 15,2015,78,7.1
A Way Out,March 23,2018,78,7.8
Remnant: From the Ashes,August 19,2019,78,6.7
Tropico 4: Modern Times,March 29,2012,78,7.6
Shady Part of Me,December 10,2020,78,6.4
Pit People,March 2,2018,78,8.3
KUNAI,February 6,2020,78,7.8
Madden NFL 06,August 17,2005,78,6.8
Star Trek: Starfleet Command III,November 6,2002,78,7.3
Armed and Dangerous,December 2,2003,78,7.9
Hearts of Iron: Platinum,September 21,2004,78,7.3
FIFA 07 Soccer,October 3,2006,78,7.8
Hand of Fate,February 17,2015,78,7.9
Vesper,July 30,2021,78,7.0
Call of Duty: Modern Warfare 3,November 8,2011,78,2.9
Brass Tactics,February 22,2018,78,tbd
Star Wars: Republic Commando,March 1,2005,78,8.6
Penumbra: Black Plague,February 12,2008,78,8.6
Marvel's Guardians of the Galaxy: The Telltale Series,April 18,2017,78,7.1
Avernum 2: Crystal Souls,January 14,2015,78,7.6
DiRT 4,June 8,2017,78,6.6
Elemental: Fallen Enchantress,October 23,2012,78,7.3
Plebby Quest: The Crusades,April 8,2020,78,6.4
So Many Me,July 17,2014,78,7.1
Wings of Prey,December 25,2009,78,7.6
Jupiter Hell,August 5,2021,78,7.7
The Lord of the Rings: The Battle for Middle-Earth II - The Rise of the Witch-King,November 28,2006,78,8.5
Baldur's Gate II: Enhanced Edition,November 15,2013,78,7.5
Super Rude Bear Resurrection,May 5,2017,78,tbd
Vader Immortal: Episode I,May 21,2019,78,6.7
Pixel Ripped 1995,April 23,2020,78,7.3
The Sims 2: Open for Business,February 28,2006,78,8.7
Heavy Metal: F.A.K.K. 2,August 6,2000,78,7.6
StarLancer,March 31,2000,78,7.6
Earth 2150,June 12,2000,78,7.9
NBA Live 2001,February 7,2001,78,7.0
A Fisherman's Tale,January 10,2019,78,5.0
Tropico 6,March 29,2019,78,6.5
GRID Autosport,June 26,2014,78,6.3
Pro Evolution Soccer 2010,October 23,2009,78,7.1
NightSky,January 6,2011,78,7.1
Remnant: From the Ashes - Subject 2923,August 20,2020,78,5.2
Trials of Mana,April 24,2020,78,7.7
Humankind,August 17,2021,78,6.9
The Walking Dead: Season Two Episode 4 - Amid the Ruins,July 22,2014,78,8.1
Call of Juarez: Bound in Blood,June 30,2009,78,7.9
Hearthstone: Heroes of Warcraft - Curse of Naxxramas,July 22,2014,78,6.3
The Sims 2 Seasons,February 27,2007,78,7.6
Myst Online: Uru Live,January 15,2007,78,7.4
The Mummy Demastered,October 24,2017,78,6.3
The Textorcist: The Story of Ray Bibbia,February 14,2019,78,6.3
Joint Operations: Escalation,November 19,2004,78,7.5
Viva Pinata,November 6,2007,78,7.7
Bejeweled Twist,October 27,2008,78,7.6
Plants vs Zombies: Garden Warfare,June 24,2014,78,7.7
Melty Blood Actress Again Current Code,April 19,2016,78,8.0
A Mortician's Tale,October 18,2017,78,6.2
Medal of Honor: Airborne,September 4,2007,78,7.3
Dungeon Fighter Online,September 22,2009,78,8.2
Red Faction,September 17,2001,78,8.0
Stronghold: Crusader,September 25,2002,78,8.8
Summoner,March 21,2001,78,7.7
Droplitz,June 26,2009,78,7.1
The Sojourn,September 20,2019,78,6.6
Season Ticket Baseball 2003,March 24,2002,78,7.9
Madden NFL 2001,August 24,2000,78,5.8
Wargame: Red Dragon,April 17,2014,78,7.9
Imagine Earth,May 25,2021,78,7.3
Forager,April 18,2019,78,7.5
Need for Speed: Carbon,October 31,2006,78,7.4
Soundodger+,October 11,2013,78,6.9
Etherlords II,September 30,2003,78,7.8
Samurai Gunn,December 10,2013,78,7.7
The Walking Dead: 400 Days,July 3,2013,78,7.6
DeathSpank: Thongs of Virtue,November 30,2010,78,7.5
Tabula Rasa,October 30,2007,78,7.8
Mount & Blade: Warband,March 30,2010,78,8.9
Nancy Drew: The Ransom of the Seven Ships,July 14,2009,78,7.4
RiME,May 26,2017,78,7.3
Call of the Sea,December 8,2020,78,7.8
Sherlock Holmes: Chapter One,November 16,2021,78,7.2
Fallout 3: The Pitt,March 24,2009,78,6.9
Deadlight,October 25,2012,78,7.4
Far Cry 5,March 27,2018,78,6.3
Marvel's Guardians of the Galaxy,October 26,2021,78,8.5
Going Under,September 24,2020,78,7.6
Hot Wheels Unleashed,September 30,2021,78,8.2
Kingdom Come: Deliverance - A Woman's Lot,May 28,2019,78,7.7
Lovely Planet Arcade,July 22,2016,78,tbd
Galak-Z: The Dimensional,October 29,2015,78,6.0
The Infectious Madness of Doctor Dekker,May 19,2017,78,6.3
Desperados: Wanted Dead or Alive,July 23,2001,78,8.9
Shadow Empire,June 26,2020,78,8.4
Dirt Track Racing: Sprint Cars,October 19,2000,78,8.3
Austerlitz: Napoleon's Greatest Victory,July 10,2002,78,6.3
Roguebook,June 17,2021,78,5.1
Star Trek: Bridge Crew,May 30,2017,78,7.6
